date,sst_celsius,dhw,blue,green,red,nir,ndvi,ndwi
2023-01-01,27.401059779540024,0.0,0.0552,0.0458,0.0192,0.0135,-0.1743,0.5447
2023-01-02,27.669500599225948,0.0,,,,,,
2023-01-03,27.58437095539822,0.0,,,,,,
2023-01-04,27.682202107120027,0.0,,,,,,
2023-01-05,27.599286878582795,0.0,,,,,,
2023-01-06,27.632750834888252,0.0,0.271,0.2612,0.2386,0.2398,0.0025,0.0427
2023-01-07,27.487615376314672,0.0,,,,,,
2023-01-08,27.51637617291845,0.0,,,,,,
2023-01-09,27.420858923203774,0.0,,,,,,
2023-01-10,27.61137252733588,0.0,,,,,,
2023-01-11,27.429588379149784,0.0,,,,,,
2023-01-12,27.618126111486077,0.0,,,,,,
2023-01-13,27.583419269374772,0.0,,,,,,
2023-01-14,27.401257874813506,0.0,,,,,,
2023-01-15,27.491275276841208,0.0,,,,,,
2023-01-16,27.549969126723347,0.0,0.0358,0.0241,0.0094,0.0064,-0.1899,0.5803
2023-01-17,27.57755241544647,0.0,,,,,,
2023-01-18,27.500713923800884,0.0,,,,,,
2023-01-19,27.466939573368272,0.0,,,,,,
2023-01-20,27.391199780369313,0.0,,,,,,
2023-01-21,27.48833336206299,0.0,,,,,,
2023-01-22,27.417874457243222,0.0,,,,,,
2023-01-23,27.526101059471983,0.0,,,,,,
2023-01-24,27.67167847490677,0.0,,,,,,
2023-01-25,27.591532854716306,0.0,,,,,,
2023-01-26,27.71728740751913,0.0,0.057,0.0474,0.0196,0.012,-0.2405,0.596
2023-01-27,27.71338721436487,0.0,,,,,,
2023-01-28,27.41029089394661,0.0,,,,,,
2023-01-29,27.69363779661594,0.0,,,,,,
2023-01-30,27.551807214047372,0.0,,,,,,
2023-01-31,27.709703778197188,0.0,0.0526,0.038,0.0143,0.0088,-0.2381,0.6239
2023-02-01,27.675265434265732,0.0,,,,,,
2023-02-02,27.72139613749468,0.0,,,,,,
2023-02-03,27.597068608515915,0.0,,,,,,
2023-02-04,27.606271205386456,0.0,,,,,,
2023-02-05,27.68486217484953,0.0,,,,,,
2023-02-06,27.681238109272552,0.0,,,,,,
2023-02-07,27.750452355641023,0.0,,,,,,
2023-02-08,27.71539981852954,0.0,,,,,,
2023-02-09,27.829698094868263,0.0,,,,,,
2023-02-10,27.69703886915143,0.0,,,,,,
2023-02-11,27.73475826413793,0.0,,,,,,
2023-02-12,27.59710695223717,0.0,,,,,,
2023-02-13,27.882324147788527,0.0,,,,,,
2023-02-14,27.750807714034273,0.0,,,,,,
2023-02-15,27.838778797689073,0.0,,,,,,
2023-02-16,27.82577031516145,0.0,,,,,,
2023-02-17,27.766793623597675,0.0,,,,,,
2023-02-18,27.982290511081523,0.0,,,,,,
2023-02-19,27.86593907511133,0.0,,,,,,
2023-02-20,27.909583332580244,0.0,,,,,,
2023-02-21,27.841474735354534,0.0,,,,,,
2023-02-22,27.87470363587658,0.0,,,,,,
2023-02-23,27.998089333618545,0.0,,,,,,
2023-02-24,27.987005684241296,0.0,,,,,,
2023-02-25,28.125285680310153,0.0,0.136,0.1072,0.0656,0.0084,-0.773,0.8547
2023-02-26,27.94442093773978,0.0,,,,,,
2023-02-27,28.113030893888457,0.0,,,,,,
2023-02-28,28.0288467706021,0.0,,,,,,
2023-03-01,28.098223105989476,0.0,,,,,,
2023-03-02,28.0614596157575,0.0,,,,,,
2023-03-03,27.952555080122167,0.0,,,,,,
2023-03-04,28.114361429040876,0.0,,,,,,
2023-03-05,28.00350639543386,0.0,,,,,,
2023-03-06,28.23153552516314,0.0,,,,,,
2023-03-07,28.089989243038836,0.0,0.071,0.0691,0.0448,0.0296,-0.2043,0.4002
2023-03-08,28.23526188551795,0.0,,,,,,
2023-03-09,28.49375656050636,0.0,,,,,,
2023-03-10,28.107523590000742,0.0,,,,,,
2023-03-11,28.341117694016788,0.0,,,,,,
2023-03-12,28.2018035205741,0.0,,,,,,
2023-03-13,28.216448813170516,0.0,,,,,,
2023-03-14,28.40721821199817,0.0,,,,,,
2023-03-15,28.30109443702585,0.0,,,,,,
2023-03-16,28.340447111256598,0.0,,,,,,
2023-03-17,28.491874194654866,0.0,0.077,0.0772,0.0652,0.0581,-0.0576,0.1412
2023-03-18,28.411625307899264,0.0,,,,,,
2023-03-19,28.411753224633898,0.0,,,,,,
2023-03-20,28.50869941335047,0.0,,,,,,
2023-03-21,28.63335556024952,0.0,,,,,,
2023-03-22,28.562187655112027,0.0,0.0911,0.0871,0.0728,0.0714,-0.0097,0.0991
2023-03-23,28.658385794332947,0.0,,,,,,
2023-03-24,28.590590514595114,0.0,,,,,,
2023-03-25,28.790374649346482,0.0,,,,,,
2023-03-26,28.867396155821293,0.0,,,,,,
2023-03-27,28.97568876551966,0.0,0.0996,0.097,0.0876,0.088,0.0023,0.0486
2023-03-28,28.90354775603522,0.0,,,,,,
2023-03-29,28.860730967061176,0.0,,,,,,
2023-03-30,28.744631052623436,0.0,,,,,,
2023-03-31,29.154417859948616,0.0,,,,,,
2023-04-01,28.81469617895109,0.0,0.1626,0.1524,0.1376,0.14,0.0086,0.0424
2023-04-02,28.927802628837338,0.0,,,,,,
2023-04-03,29.27712574423088,0.0,,,,,,
2023-04-04,29.196387497102243,0.0,,,,,,
2023-04-05,29.284295510794806,0.0,,,,,,
2023-04-06,29.019479773660656,0.0,0.1244,0.1306,0.1146,0.1202,0.0239,0.0415
2023-04-07,29.01378197135302,0.0,,,,,,
2023-04-08,29.290983169174204,0.0,,,,,,
2023-04-09,29.357052291572323,0.0,,,,,,
2023-04-10,29.437837925121336,0.0,,,,,,
2023-04-11,29.409184551484834,0.0,,,,,,
2023-04-12,29.41610748322878,0.0,,,,,,
2023-04-13,29.49179278539212,0.0,,,,,,
2023-04-14,29.542442194755026,0.0,,,,,,
2023-04-15,29.442488142853392,0.0,,,,,,
2023-04-16,29.6132137684355,0.0,,,,,,
2023-04-17,29.781032319565167,0.0,,,,,,
2023-04-18,29.762741322693635,0.0,,,,,,
2023-04-19,29.803687851448238,0.0,,,,,,
2023-04-20,29.890450858193706,0.0,,,,,,
2023-04-21,29.989900191795073,0.0,0.0979,0.1019,0.0908,0.0965,0.0304,0.0272
2023-04-22,29.939845331329707,0.0,,,,,,
2023-04-23,30.090101185469713,0.0,,,,,,
2023-04-24,30.304137644079134,0.1564078525463048,,,,,,
2023-04-25,30.278135471204198,0.0,,,,,,
2023-04-26,30.070746258032663,0.0,,,,,,
2023-04-27,30.24916799087132,0.0,,,,,,
2023-04-28,30.19245262142435,0.0,,,,,,
2023-04-29,30.396843973610224,0.0,,,,,,
2023-04-30,30.389190170788112,0.1621528846238646,,,,,,
2023-05-01,30.479114398501657,0.3406439940707005,,,,,,
2023-05-02,30.573106924518427,0.5198088878674001,,,,,,
2023-05-03,30.638220809984393,0.7397959878814946,,,,,,
2023-05-04,30.54837153263197,0.912716932861212,,,,,,
2023-05-05,30.502822396194126,1.0976006442476935,,,,,,
2023-05-06,30.60512750705883,1.2844395520503282,0.1452,0.1424,0.1166,0.1144,-0.0095,0.109
2023-05-07,30.70148509187282,1.481103328989541,,,,,,
2023-05-08,30.644235294285522,1.666669871277007,,,,,,
2023-05-09,30.641322819431657,1.8513193072668344,,,,,,
2023-05-10,30.89120243230746,2.0428345392347085,,,,,,
2023-05-11,30.84248191785257,2.2466579454249684,,,,,,
2023-05-12,30.917834596716105,2.4531186326080903,,,,,,
2023-05-13,30.950850709949595,2.676665540260716,,,,,,
2023-05-14,31.1093269572789,2.8962449845843947,,,,,,
2023-05-15,30.959837747653516,3.1039549776195834,,,,,,
2023-05-16,31.100280614726415,3.351300763619276,,,,,,
2023-05-17,30.945829982223557,3.5527459592091617,,,,,,
2023-05-18,31.20015032799187,3.8012138600048657,,,,,,
2023-05-19,31.125231007363837,4.031707632845629,,,,,,
2023-05-20,31.050779921348738,4.256317548717829,,,,,,
2023-05-21,31.14643410705381,4.487370316920142,0.1324,0.1378,0.1244,0.1094,-0.0642,0.1149
2023-05-22,31.014457477745623,4.692202110859072,,,,,,
2023-05-23,31.24529368838624,4.920492045220151,,,,,,
2023-05-24,30.976211572839045,5.1195814611623405,,,,,,
2023-05-25,31.128357187869092,5.324948835149153,,,,,,
2023-05-26,31.086707271453726,5.539514704296938,0.107,0.1138,0.1072,0.0872,-0.1029,0.1323
2023-05-27,31.131032511957287,5.760609119416956,,,,,,
2023-05-28,31.222467550678736,5.982158259629709,,,,,,
2023-05-29,31.123275304997545,6.210829163591259,,,,,,
2023-05-30,31.126681752677275,6.412613074895036,,,,,,
2023-05-31,30.908392369588753,6.57983558484893,,,,,,
2023-06-01,31.127795299446305,6.77404493270211,,,,,,
2023-06-02,31.1536048451611,6.937182687041614,,,,,,
2023-06-03,31.062055731134013,7.114574228774859,,,,,,
2023-06-04,31.115808058900335,7.290738957953541,,,,,,
2023-06-05,31.07871148475332,7.476095335906864,,,,,,
2023-06-06,31.035591135920278,7.655309975097623,,,,,,
2023-06-07,31.06341767044328,7.815226280002944,,,,,,
2023-06-08,31.06311010308633,7.967602004671927,,,,,,
2023-06-09,31.023897656157374,8.14565817416551,,,,,,
2023-06-10,31.023036920234166,8.32249246760868,,,,,,
2023-06-11,31.10731314250717,8.509577982116856,,,,,,
2023-06-12,31.1007579962141,8.683831202482162,,,,,,
2023-06-13,31.2978140491647,8.87962756106155,,,,,,
2023-06-14,30.816739186742367,8.919167220365791,,,,,,
2023-06-15,31.118624351953464,9.207137176584204,,,,,,
2023-06-16,30.9620779739254,9.472399011396645,,,,,,
2023-06-17,31.10048257942079,9.769391391200037,,,,,,
2023-06-18,30.949598532824062,10.043065941799956,,,,,,
2023-06-19,30.947327131406954,10.3185814967036,,,,,,
2023-06-20,30.970756189597196,10.580456701894718,,,,,,
2023-06-21,30.999169199113155,10.848431307605852,,,,,,
2023-06-22,30.930171411968487,11.108353185600231,,,,,,
2023-06-23,31.066190985987696,11.395359173284596,,,,,,
2023-06-24,31.000244296115667,11.70036255135236,,,,,,
2023-06-25,30.907226544757854,11.946991573257591,,,,,,
2023-06-26,30.750822230001155,12.165707128842676,,,,,,
2023-06-27,30.82377446985908,12.395098778392446,,,,,,
2023-06-28,30.97541222730885,12.665658528335031,,,,,,
2023-06-29,30.88039079085438,12.916455763583444,,,,,,
2023-06-30,30.659600545272372,13.110343039233248,,,,,,
2023-07-01,30.891262027291376,13.352292172402407,,,,,,
2023-07-02,30.89462428110859,13.60496181547803,,,,,,
2023-07-03,30.871381290733517,13.840254608569994,,,,,,
2023-07-04,30.973365193720447,14.145352479325648,,,,,,
2023-07-05,30.68730568696916,14.355775606129216,0.093,0.1042,0.0947,0.0836,-0.0623,0.1097
2023-07-06,30.769184148521006,14.5492429574187,,,,,,
2023-07-07,30.82686900691281,14.769722918032086,,,,,,
2023-07-08,30.868917035571705,15.010130220828886,,,,,,
2023-07-09,30.810266348499383,15.22881727770385,,,,,,
2023-07-10,30.85594105311356,15.46572332386094,,,,,,
2023-07-11,30.60959157518107,15.660624212967528,,,,,,
2023-07-12,30.72368088239181,15.8648739869656,,,,,,
2023-07-13,30.946987424690974,16.11040309515146,,,,,,
2023-07-14,30.599734503678505,16.271315257917365,,,,,,
2023-07-15,30.639636123554833,16.441479769345683,,,,,,
2023-07-16,30.57216012165938,16.63002926674025,,,,,,
2023-07-17,30.64063557046404,16.813001439786586,,,,,,
2023-07-18,30.562757085373693,16.975814427899753,,,,,,
2023-07-19,30.317452707298365,16.475814427899753,,,,,,
2023-07-20,30.64484893531633,16.653488276698127,,,,,,
2023-07-21,30.641190761455956,16.83277771378316,,,,,,
2023-07-22,30.568445207553232,16.986660587241705,,,,,,
2023-07-23,30.65110807223226,17.181235879652082,,,,,,
2023-07-24,30.594235871163296,17.356849683446846,,,,,,
2023-07-25,30.478895712160906,17.504646876761484,,,,,,
2023-07-26,30.662324488894043,17.698710880056247,,,,,,
2023-07-27,30.543607591229033,17.87451780020066,,,,,,
2023-07-28,30.54635709532793,18.05667948919181,,,,,,
2023-07-29,30.58106920816653,18.2302113527792,,,,,,
2023-07-30,30.326541010891265,17.730211352779193,,,,,,
2023-07-31,30.683599058193895,17.92782542220416,,,,,,
2023-08-01,30.397861992393757,18.08146001424192,,,,,,
2023-08-02,30.4026672286474,17.581460014241916,,,,,,
2023-08-03,30.377150853323343,17.081460014241916,,,,,,
2023-08-04,30.39445208957251,16.581460014241916,,,,,,
2023-08-05,30.284933765662704,16.081460014241916,,,,,,
2023-08-06,30.306986868634212,16.229253899376047,,,,,,
2023-08-07,30.245015728203157,15.729253899376047,,,,,,
2023-08-08,30.234168354489814,15.229253899376047,,,,,,
2023-08-09,30.307381645030205,14.729253899376047,,,,,,
2023-08-10,30.35663746237681,14.229253899376047,,,,,,
2023-08-11,30.274677531548313,13.729253899376047,,,,,,
2023-08-12,30.194917800281388,13.229253899376047,,,,,,
2023-08-13,30.26756133233716,12.729253899376047,,,,,,
2023-08-14,30.37964661777734,12.879088061542856,0.1366,0.131,0.105,0.1058,0.0038,0.1064
2023-08-15,30.32376729280905,12.379088061542856,,,,,,
2023-08-16,30.24958451219954,11.879088061542856,,,,,,
2023-08-17,30.381850595194518,11.379088061542856,,,,,,
2023-08-18,30.15530595916197,10.879088061542856,,,,,,
2023-08-19,30.201876267033477,10.379088061542856,0.124,0.123,0.1192,0.0982,-0.0966,0.1121
2023-08-20,30.26141106522448,9.879088061542856,,,,,,
2023-08-21,30.17450312734466,9.379088061542856,,,,,,
2023-08-22,30.159121490829747,8.879088061542857,,,,,,
2023-08-23,30.11876606311875,8.379088061542857,,,,,,
2023-08-24,30.192031964524624,7.879088061542857,,,,,,
2023-08-25,29.89521852136268,7.379088061542857,,,,,,
2023-08-26,30.23205216774442,6.879088061542857,,,,,,
2023-08-27,30.06768817669186,6.379088061542857,,,,,,
2023-08-28,30.00094110554015,5.879088061542857,,,,,,
2023-08-29,30.015721261085144,5.379088061542857,,,,,,
2023-08-30,29.983935648480383,4.879088061542857,,,,,,
2023-08-31,30.045892234003063,4.379088061542857,,,,,,
2023-09-01,29.925176280945855,3.879088061542857,,,,,,
2023-09-02,29.88347458969495,3.3790880615428573,,,,,,
2023-09-03,29.822586163747623,2.8790880615428573,,,,,,
2023-09-04,29.78027978802354,2.3790880615428573,,,,,,
2023-09-05,29.922009711133555,1.879088061542857,,,,,,
2023-09-06,29.742673147530862,1.3790880615428571,,,,,,
2023-09-07,29.84990782408529,0.8790880615428573,,,,,,
2023-09-08,29.67865353837405,0.3790880615428573,,,,,,
2023-09-09,29.799359457330493,0.0,,,,,,
2023-09-10,29.598616052250048,0.0,,,,,,
2023-09-11,29.709010801993294,0.0,,,,,,
2023-09-12,29.7638240318721,0.0,,,,,,
2023-09-13,29.703592812759435,0.0,0.1318,0.1278,0.1008,0.0896,-0.0588,0.1757
2023-09-14,29.61690137748811,0.0,,,,,,
2023-09-15,29.600773512938744,0.0,,,,,,
2023-09-16,29.63903910457548,0.0,,,,,,
2023-09-17,29.628912687283215,0.0,,,,,,
2023-09-18,29.65133176760701,0.0,,,,,,
2023-09-19,29.6317553817522,0.0,,,,,,
2023-09-20,29.74419521715643,0.0,,,,,,
2023-09-21,29.536781729568737,0.0,,,,,,
2023-09-22,29.543765762087048,0.0,,,,,,
2023-09-23,29.289387345747308,0.0,,,,,,
2023-09-24,29.28562648032846,0.0,,,,,,
2023-09-25,29.511292609975825,0.0,,,,,,
2023-09-26,29.408883550318734,0.0,,,,,,
2023-09-27,29.22501609575172,0.0,,,,,,
2023-09-28,29.266080143020698,0.0,,,,,,
2023-09-29,29.19862514036482,0.0,,,,,,
2023-09-30,29.072824996855356,0.0,,,,,,
2023-10-01,29.146869323799244,0.0,,,,,,
2023-10-02,29.31083386160644,0.0,,,,,,
2023-10-03,29.267485059801814,0.0,,,,,,
2023-10-04,29.147304489708098,0.0,,,,,,
2023-10-05,29.07379459475385,0.0,,,,,,
2023-10-06,29.09404991371114,0.0,,,,,,
2023-10-07,29.0249144113983,0.0,,,,,,
2023-10-08,28.825795623747236,0.0,,,,,,
2023-10-09,29.033879621744127,0.0,,,,,,
2023-10-10,29.038661313977464,0.0,,,,,,
2023-10-11,29.05298053618993,0.0,,,,,,
2023-10-12,28.98052082058856,0.0,,,,,,
2023-10-13,29.034300914018278,0.0,0.1924,0.1812,0.1422,0.1416,-0.0021,0.1227
2023-10-14,28.911599120215605,0.0,,,,,,
2023-10-15,28.75530376905086,0.0,,,,,,
2023-10-16,28.847051629584172,0.0,,,,,,
2023-10-17,28.878341828588063,0.0,,,,,,
2023-10-18,28.937636566926088,0.0,,,,,,
2023-10-19,28.83178971665876,0.0,,,,,,
2023-10-20,28.717660457188792,0.0,,,,,,
2023-10-21,28.548780661546424,0.0,,,,,,
2023-10-22,28.603941324065346,0.0,,,,,,
2023-10-23,28.59761021346125,0.0,,,,,,
2023-10-24,28.615086469683845,0.0,,,,,,
2023-10-25,28.536100089304313,0.0,,,,,,
2023-10-26,28.610961487254464,0.0,,,,,,
2023-10-27,28.880749049724578,0.0,,,,,,
2023-10-28,28.35709412970838,0.0,,,,,,
2023-10-29,28.383699314252418,0.0,,,,,,
2023-10-30,28.508612772542847,0.0,,,,,,
2023-10-31,28.446815301073123,0.0,,,,,,
2023-11-01,28.534738201300833,0.0,,,,,,
2023-11-02,28.629952173498868,0.0,,,,,,
2023-11-03,28.31971492680524,0.0,,,,,,
2023-11-04,28.372405766325215,0.0,,,,,,
2023-11-05,28.26425225538565,0.0,,,,,,
2023-11-06,28.152216080933464,0.0,,,,,,
2023-11-07,28.313216196958777,0.0,,,,,,
2023-11-08,28.199552805772957,0.0,,,,,,
2023-11-09,28.317980823108655,0.0,,,,,,
2023-11-10,28.26397529778947,0.0,,,,,,
2023-11-11,28.149639590061675,0.0,,,,,,
2023-11-12,28.125267268852486,0.0,,,,,,
2023-11-13,28.219680154751167,0.0,,,,,,
2023-11-14,28.03299513358644,0.0,,,,,,
2023-11-15,28.228026753342764,0.0,,,,,,
2023-11-16,27.994434819018682,0.0,,,,,,
2023-11-18,28.09131168910484,0.0,,,,,,
2023-11-19,27.982880211330823,0.0,,,,,,
2023-11-20,28.072396815082588,0.0,,,,,,
2023-11-21,27.952755029886696,0.0,,,,,,
2023-11-22,27.938266611151754,0.0,0.0393,0.034,0.0081,0.0047,-0.2656,0.7571
2023-11-23,27.939567039259693,0.0,,,,,,
2023-11-24,28.028908372190635,0.0,,,,,,
2023-11-25,28.006690990849982,0.0,,,,,,
2023-11-26,27.833925269034907,0.0,,,,,,
2023-11-27,27.942842915796252,0.0,,,,,,
2023-11-28,27.883411720623805,0.0,,,,,,
2023-11-29,27.77759350995133,0.0,,,,,,
2023-11-30,27.95013981663814,0.0,,,,,,
2023-12-01,27.859029162647815,0.0,,,,,,
2023-12-02,27.82316493363293,0.0,,,,,,
2023-12-03,27.812948316853472,0.0,,,,,,
2023-12-04,27.760418319929293,0.0,,,,,,
2023-12-05,27.614959492518558,0.0,,,,,,
2023-12-06,27.82187697211267,0.0,,,,,,
2023-12-07,27.79991503486866,0.0,,,,,,
2023-12-08,27.792282881226367,0.0,,,,,,
2023-12-09,27.717330105013467,0.0,,,,,,
2023-12-10,27.646190906046158,0.0,,,,,,
2023-12-11,27.659314711133717,0.0,,,,,,
2023-12-12,27.569727699601486,0.0,0.0409,0.0275,0.0123,0.0109,-0.0603,0.4323
2023-12-13,27.675820826425664,0.0,,,,,,
2023-12-14,27.71828065530738,0.0,,,,,,
2023-12-15,27.53717528421518,0.0,,,,,,
2023-12-16,27.675678385371402,0.0,,,,,,
2023-12-17,27.594360222695713,0.0,0.0445,0.0344,0.0115,0.0077,-0.1979,0.6342
2023-12-18,27.481858627479824,0.0,,,,,,
2023-12-19,27.654787422971246,0.0,,,,,,
2023-12-20,27.63268189597418,0.0,,,,,,
2023-12-21,27.572009390002634,0.0,,,,,,
2023-12-22,27.563664057318437,0.0,0.0634,0.0657,0.0336,0.0256,-0.1351,0.4392
2023-12-23,27.470864498929878,0.0,,,,,,
2023-12-24,27.730320637249502,0.0,,,,,,
2023-12-25,27.61396881671959,0.0,,,,,,
2023-12-26,27.57350792044395,0.0,,,,,,
2023-12-27,27.660497936137403,0.0,0.0555,0.0407,0.013,0.0087,-0.1982,0.6478
2023-12-28,27.616904608542022,0.0,,,,,,
2023-12-29,27.484478988237875,0.0,,,,,,
2023-12-30,27.49614085947782,0.0,,,,,,
2023-12-31,27.461127731101765,0.0,,,,,,
2024-01-01,27.67203924717524,0.0,0.0423,0.0314,0.0143,0.0101,-0.1721,0.5133
2024-01-02,27.761625699375674,0.0,,,,,,
2024-01-03,27.760118980719568,0.0,,,,,,
2024-01-04,27.64122337741147,0.0,,,,,,
2024-01-05,27.716731266185334,0.0,,,,,,
2024-01-06,27.628430280601442,0.0,0.117,0.0834,0.0506,0.0436,-0.0743,0.3134
2024-01-07,27.768297698365323,0.0,,,,,,
2024-01-08,27.78599688299621,0.0,,,,,,
2024-01-09,27.598184014189286,0.0,,,,,,
2024-01-10,27.69507011221015,0.0,,,,,,
2024-01-11,27.653370637918165,0.0,,,,,,
2024-01-12,27.8193765299325,0.0,,,,,,
2024-01-13,27.831144279117215,0.0,,,,,,
2024-01-14,27.853332449099547,0.0,,,,,,
2024-01-15,27.70019013236997,0.0,,,,,,
2024-01-16,27.688563602133016,0.0,0.0734,0.0545,0.023,0.0034,-0.7424,0.8826
2024-01-17,27.712296424511113,0.0,,,,,,
2024-01-18,27.729771071660934,0.0,,,,,,
2024-01-19,27.81406457567302,0.0,,,,,,
2024-01-20,27.72925046310784,0.0,,,,,,
2024-01-21,27.9111540215727,0.0,0.1032,0.0921,0.0622,0.0568,-0.0454,0.2371
2024-01-22,27.996601200900326,0.0,,,,,,
2024-01-23,27.92074948505372,0.0,,,,,,
2024-01-24,27.792960307483845,0.0,,,,,,
2024-01-25,27.822159572665765,0.0,,,,,,
2024-01-26,27.74871864654076,0.0,,,,,,
2024-01-27,27.742331796490845,0.0,,,,,,
2024-01-28,27.88647941881129,0.0,,,,,,
2024-01-29,27.86246499077363,0.0,,,,,,
2024-01-30,27.674636332375673,0.0,,,,,,
2024-01-31,27.88827242590982,0.0,,,,,,
2024-02-01,27.86990949921517,0.0,,,,,,
2024-02-02,27.89041437463938,0.0,,,,,,
2024-02-03,27.796170404506743,0.0,,,,,,
2024-02-04,27.94153319700376,0.0,,,,,,
2024-02-05,27.90351969024163,0.0,0.0588,0.0528,0.026,0.0184,-0.1712,0.4831
2024-02-06,27.932398858365474,0.0,,,,,,
2024-02-07,28.007561368911205,0.0,,,,,,
2024-02-08,28.03821980431666,0.0,,,,,,
2024-02-09,27.907737111028418,0.0,,,,,,
2024-02-10,27.910015111870155,0.0,,,,,,
2024-02-11,28.06688023351402,0.0,,,,,,
2024-02-12,27.861909262277024,0.0,,,,,,
2024-02-13,28.048103030708212,0.0,,,,,,
2024-02-14,28.0149746665788,0.0,,,,,,
2024-02-15,28.10313410229201,0.0,0.0341,0.0306,0.0142,0.008,-0.2793,0.5855
2024-02-16,28.036043920182944,0.0,,,,,,
2024-02-17,28.169832961727323,0.0,,,,,,
2024-02-18,28.02782190276867,0.0,,,,,,
2024-02-19,28.031746903348253,0.0,,,,,,
2024-02-20,28.12119924185832,0.0,0.0922,0.0822,0.0564,0.0574,0.0088,0.1777
2024-02-21,28.024359635631157,0.0,,,,,,
2024-02-22,28.088128161848744,0.0,,,,,,
2024-02-23,28.16516706579469,0.0,,,,,,
2024-02-24,28.257416989960888,0.0,,,,,,
2024-02-25,28.12622313824249,0.0,,,,,,
2024-02-26,28.311754145546892,0.0,,,,,,
2024-02-27,28.29454919588341,0.0,,,,,,
2024-02-28,28.24120472103269,0.0,,,,,,
2024-02-29,28.228579980268698,0.0,,,,,,
2024-03-01,28.133758723343234,0.0,0.118,0.1054,0.0667,0.0446,-0.1986,0.4053
2024-03-02,28.254662842056952,0.0,,,,,,
2024-03-03,28.250863045127247,0.0,,,,,,
2024-03-04,28.416559429002046,0.0,,,,,,
2024-03-05,28.431548363043397,0.0,,,,,,
2024-03-06,28.429595647271114,0.0,,,,,,
2024-03-07,28.537017967856904,0.0,,,,,,
2024-03-08,28.341325012913508,0.0,,,,,,
2024-03-09,28.31430423543509,0.0,,,,,,
2024-03-10,28.525424226268072,0.0,,,,,,
2024-03-11,28.559378850298405,0.0,,,,,,
2024-03-12,28.448446797639875,0.0,,,,,,
2024-03-13,28.637750138251157,0.0,,,,,,
2024-03-14,28.517384780422923,0.0,,,,,,
2024-03-15,28.518882542571177,0.0,,,,,,
2024-03-16,28.717456873594447,0.0,,,,,,
2024-03-17,28.71696415041925,0.0,,,,,,
2024-03-18,28.61624531334944,0.0,,,,,,
2024-03-19,28.603133614306444,0.0,,,,,,
2024-03-20,28.74873548425061,0.0,,,,,,
2024-03-21,28.794121095427172,0.0,,,,,,
2024-03-22,28.54802313641649,0.0,,,,,,
2024-03-23,28.84304296493758,0.0,,,,,,
2024-03-24,28.817133533808384,0.0,,,,,,
2024-03-25,28.91553083181998,0.0,,,,,,
2024-03-26,28.911492844266526,0.0,0.0911,0.0865,0.0982,0.0808,-0.0972,0.0341
2024-03-27,28.77289242656795,0.0,,,,,,
2024-03-28,28.79328335608184,0.0,,,,,,
2024-03-29,28.887248323872814,0.0,,,,,,
2024-03-30,28.90960769255244,0.0,,,,,,
2024-03-31,28.762668272588428,0.0,0.1172,0.1212,0.1004,0.094,-0.0329,0.1264
2024-04-01,28.939131198912666,0.0,,,,,,
2024-04-02,28.870687308894095,0.0,,,,,,
2024-04-03,28.914065742276506,0.0,,,,,,
2024-04-04,28.916323255507542,0.0,,,,,,
2024-04-05,28.943377640600744,0.0,0.1068,0.1068,0.099,0.1006,0.008,0.0299
2024-04-06,28.86483450231102,0.0,,,,,,
2024-04-07,28.967052516784165,0.0,,,,,,
2024-04-08,29.01520762226736,0.0,,,,,,
2024-04-09,28.964848581339325,0.0,,,,,,
2024-04-10,29.119065370596182,0.0,,,,,,
2024-04-11,29.081773192851276,0.0,,,,,,
2024-04-12,29.14754743073602,0.1440756117397172,,,,,,
2024-04-13,29.058442613947,0.0,,,,,,
2024-04-14,28.9497685568044,0.0,,,,,,
2024-04-15,29.15301196856589,0.1449697985158735,0.1318,0.1368,0.1114,0.103,-0.0392,0.141
2024-04-16,29.08652185969553,0.0,,,,,,
2024-04-17,29.117800924254787,0.0,,,,,,
2024-04-18,29.088917429211627,0.0,,,,,,
2024-04-19,29.230940039044004,0.1663454818474013,,,,,,
2024-04-20,29.24316368171185,0.335961063112917,0.1576,0.1652,0.1246,0.1262,0.0064,0.1338
2024-04-21,29.118476990986167,0.0,,,,,,
2024-04-22,29.06584207679865,0.0,,,,,,
2024-04-23,29.16446301279917,0.1464625661152295,,,,,,
2024-04-24,29.304377114116456,0.3326782198341291,,,,,,
2024-04-25,29.124455971534573,0.0,0.1328,0.137,0.1192,0.1222,0.0124,0.0571
2024-04-26,29.22576075562513,0.1633090971759817,,,,,,
2024-04-27,29.095122550538495,0.0,,,,,,
2024-04-28,29.053921778336825,0.0,,,,,,
2024-04-29,29.179059611252853,0.1492988033229519,,,,,,
2024-04-30,29.114462773596344,0.0,0.1318,0.139,0.1126,0.108,-0.0209,0.1255
2024-05-01,29.154634462334265,0.0,,,,,,
2024-05-02,29.190279545509284,0.1518373890781248,,,,,,
2024-05-03,29.162792759371268,0.2955990407726909,,,,,,
2024-05-04,29.121194925207305,0.0,,,,,,
2024-05-05,29.151612701115894,0.0,,,,,,
2024-05-06,29.15309879738087,0.0,,,,,,
2024-05-07,29.27095116049236,0.1737745723526598,,,,,,
2024-05-08,29.300490054789734,0.3557664588747273,,,,,,
2024-05-09,29.22744450417812,0.5166658181636349,,,,,,
2024-05-10,29.193065502495475,0.6675202356276618,,,,,,
2024-05-11,29.344279413909604,0.8613562578658858,,,,,,
2024-05-12,29.398285477442283,1.0704002140550344,,,,,,
2024-05-13,29.278555983655913,1.2450133735325228,,,,,,
2024-05-14,29.26951921953757,1.4168222304892162,,,,,,
2024-05-15,29.34073726287636,1.6087567299128656,0.1288,0.1284,0.1096,0.1076,-0.0092,0.0881
2024-05-16,29.297508224183176,1.7881177055086217,,,,,,
2024-05-17,29.266687245790756,1.9584503173624168,,,,,,
2024-05-18,29.22499876088977,2.1166495636146614,,,,,,
2024-05-19,29.221668864524695,2.2736750409899007,,,,,,
2024-05-20,29.382725883508925,2.4764944395879387,0.1144,0.1072,0.0874,0.076,-0.0698,0.1703
2024-05-21,29.29448319020797,2.653879270184434,,,,,,
2024-05-22,29.275609744458983,2.825649317794236,,,,,,
2024-05-23,29.448832678220377,3.0466892622774515,,,,,,
2024-05-24,29.430114185169984,3.2621586959735707,,,,,,
2024-05-25,29.232050843528867,3.42081623357096,,,,,,
2024-05-26,29.18143619756772,3.564790073835322,,,,,,
2024-05-27,29.322821088890286,3.748937227419151,,,,,,
2024-05-28,29.38424893031248,3.950412822922337,,,,,,
2024-05-29,29.302388126007163,4.128277247279876,,,,,,
2024-05-30,29.314777265492296,4.30945905586047,0.1066,0.1002,0.0847,0.083,-0.0101,0.0939
2024-05-31,29.194124568116003,4.45594629527514,,,,,,
2024-06-01,29.388521161172644,4.657753048504725,,,,,,
2024-06-02,29.25564259292052,4.821372126603862,,,,,,
2024-06-03,29.35594502115599,5.013426671426148,,,,,,
2024-06-04,29.365296896065168,5.207930810592647,,,,,,
2024-06-05,29.395755307637806,5.410914983150059,,,,,,
2024-06-06,29.641398393466446,5.6838605246001,,,,,,
2024-06-07,29.25958756618953,5.84749488834118,,,,,,
2024-06-08,29.316581974174788,6.027190998733922,,,,,,
2024-06-09,29.381914101470073,6.225331061295477,,,,,,
2024-06-10,29.3470347703627,6.4132832307679415,,,,,,
2024-06-11,29.233366048337505,6.568536252603366,,,,,,
2024-06-12,29.25037597398429,6.72842688327946,,,,,,
2024-06-13,29.17843262900424,6.22842688327946,,,,,,
2024-06-14,29.49175081803879,6.456837015282874,,,,,,
2024-06-15,29.298822923460975,6.629902521777072,,,,,,
2024-06-16,29.392565085687245,6.829529133277505,,,,,,
2024-06-17,29.158204546690172,6.329529133277505,,,,,,
2024-06-18,29.415810848429118,6.535352651444509,,,,,,
2024-06-19,29.368598617580474,6.727464590882057,,,,,,
2024-06-20,29.276906143044513,6.893156310536635,,,,,,
2024-06-21,29.26754317552383,7.055950526698319,,,,,,
2024-06-22,29.39769465793593,7.255708510776476,,,,,,
2024-06-23,29.22894004524997,7.407028521314518,,,,,,
2024-06-24,29.480068471587828,7.62987714089068,,,,,,
2024-06-25,29.457162837825965,7.845958923762184,,,,,,
2024-06-26,29.475978687320342,8.067194293716526,,,,,,
2024-06-27,29.234652849113353,8.219257054267603,,,,,,
2024-06-28,29.45044733730277,8.432753012957242,,,,,,
2024-06-29,29.354318726233135,8.61856128428286,,,,,,
2024-06-30,29.423836126435695,8.824009300036511,,,,,,
2024-07-01,29.341716132810323,9.005772090553075,,,,,,
2024-07-02,29.258561851450725,9.16355414505134,,,,,,
2024-07-03,29.386725975373743,9.357732150754911,,,,,,
2024-07-04,29.27661876299417,9.52022858300591,,,,,,
2024-07-05,29.31747750618761,9.69417657196805,,,,,,
2024-07-06,29.37697827357679,9.884902410268683,,,,,,
2024-07-07,29.228712266511394,10.033044162349368,,,,,,
2024-07-08,29.41991139450072,10.23559186679716,,,,,,
2024-07-09,29.26710818747348,10.394259142178758,,,,,,
2024-07-10,29.351755254962384,10.576888924070202,,,,,,
2024-07-11,29.452620336674897,10.788114930821097,,,,,,
2024-07-12,29.266319397575224,10.94588972791367,,,,,,
2024-07-13,29.392406621784588,11.139467076293364,,,,,,
2024-07-14,29.33023636137958,11.315059123213215,,,,,,
2024-07-15,29.202527108060114,10.815059123213215,,,,,,
2024-07-16,29.304174736610562,10.982760251796524,,,,,,
2024-07-17,29.362945265559226,11.167030590163897,,,,,,
2024-07-18,29.251467815833983,11.319227858694216,,,,,,
2024-07-19,29.288956549946526,11.48191382419828,,,,,,
2024-07-20,29.480434140820876,11.699085302893744,,,,,,
2024-07-21,29.354158693080002,11.87995571231912,,,,,,
2024-07-22,29.30196893391664,12.04569239206798,,,,,,
2024-07-23,29.281715083966652,12.20541988762986,,,,,,
2024-07-24,29.41287738772427,12.402399957206931,,,,,,
2024-07-25,29.261005079852083,12.555765568904969,,,,,,
2024-07-26,29.429870798263167,12.757156158804902,,,,,,
2024-07-27,29.32104377536309,12.927230943674974,,,,,,
2024-07-28,29.356876678533286,13.107321330963831,,,,,,
2024-07-29,29.25251809326459,13.257372609688938,,,,,,
2024-07-30,29.27710546660689,13.414226482310577,,,,,,
2024-07-31,29.29787902931843,13.576793288648524,,,,,,
2024-08-01,29.255719587154303,13.727092170166882,,,,,,
2024-08-02,29.356055974822503,13.905836221103456,,,,,,
2024-08-03,29.450490046415197,14.111339065436674,,,,,,
2024-08-04,29.22027774470215,13.611339065436674,,,,,,
2024-08-05,29.106697959870083,13.111339065436674,,,,,,
2024-08-06,29.328707279610853,13.281379723793414,,,,,,
2024-08-07,29.227028284645556,12.781379723793414,,,,,,
2024-08-08,29.238911395435014,12.925319675411664,,,,,,
2024-08-09,29.152035865307248,12.425319675411664,,,,,,
2024-08-10,29.351375500790112,12.60094748872883,,,,,,
2024-08-11,29.153163901413606,12.10094748872883,,,,,,
2024-08-12,29.260859565835943,12.250268866513697,,,,,,
2024-08-13,29.256366805130572,12.398084228467187,0.1184,0.118,0.1164,0.1026,-0.063,0.0698
2024-08-14,29.193268483632615,11.898084228467187,,,,,,
2024-08-15,29.17244005286047,11.398084228467187,,,,,,
2024-08-16,29.1592804187439,10.898084228467187,,,,,,
2024-08-17,29.281667307844945,11.05223882581971,,,,,,
2024-08-18,29.24996053131283,11.197111974247502,,,,,,
2024-08-19,29.130707642615015,10.697111974247502,,,,,,
2024-08-20,29.005864371831194,10.197111974247502,,,,,,
2024-08-21,29.198562785621156,9.697111974247502,,,,,,
2024-08-22,29.025513357438555,9.197111974247502,,,,,,
2024-08-23,29.104696450829977,8.697111974247502,,,,,,
2024-08-24,29.119099539864152,8.197111974247502,,,,,,
2024-08-25,29.170426381468605,7.697111974247502,,,,,,
2024-08-26,29.099318722936378,7.197111974247502,,,,,,
2024-08-27,29.04927878959442,6.697111974247502,,,,,,
2024-08-28,29.22361078058751,6.197111974247502,,,,,,
2024-08-29,29.18014897855646,5.697111974247502,,,,,,
2024-08-30,29.140539220768748,5.197111974247502,,,,,,
2024-08-31,29.1142068149602,4.697111974247502,,,,,,
2024-09-01,29.076733591571326,4.197111974247502,,,,,,
2024-09-02,29.118599273855168,3.697111974247502,,,,,,
2024-09-03,28.994950355154682,3.197111974247502,,,,,,
2024-09-04,29.064199909119637,2.697111974247502,,,,,,
2024-09-05,29.082474035835784,2.197111974247502,,,,,,
2024-09-06,28.933655173536177,1.6971119742475018,,,,,,
2024-09-07,29.167879879530478,1.1971119742475018,0.1284,0.1324,0.0942,0.0828,-0.0644,0.2305
2024-09-08,29.12088042915735,0.6971119742475018,,,,,,
2024-09-09,28.990899953047272,0.1971119742475018,,,,,,
2024-09-10,28.803778966064403,0.0,,,,,,
2024-09-11,29.087825835340993,0.0,,,,,,
2024-09-12,28.92762194282471,0.0,,,,,,
2024-09-13,28.876362180345808,0.0,,,,,,
2024-09-14,28.83077895055611,0.0,,,,,,
2024-09-15,28.920215043596677,0.0,,,,,,
2024-09-16,29.049570610764306,0.0,,,,,,
2024-09-17,28.863775458500115,0.0,,,,,,
2024-09-18,28.846618326556296,0.0,,,,,,
2024-09-19,28.952367653341756,0.0,,,,,,
2024-09-20,28.90406838579721,0.0,,,,,,
2024-09-21,28.918342843757053,0.0,,,,,,
2024-09-22,28.829777308591158,0.0,,,,,,
2024-09-23,28.792166107985523,0.0,,,,,,
2024-09-24,28.995960578148264,0.0,,,,,,
2024-09-25,28.839177250753124,0.0,,,,,,
2024-09-26,28.850061797328323,0.0,,,,,,
2024-09-27,28.736586548930603,0.0,,,,,,
2024-09-28,28.779455022622237,0.0,,,,,,
2024-09-29,28.834424590781584,0.0,,,,,,
2024-09-30,28.73997515546932,0.0,,,,,,
2024-10-01,28.714314786988748,0.0,,,,,,
2024-10-02,28.746445486930966,0.0,,,,,,
2024-10-03,28.75278604327079,0.0,,,,,,
2024-10-04,28.684245357732244,0.0,,,,,,
2024-10-05,28.671896404486937,0.0,,,,,,
2024-10-06,28.64980749961064,0.0,,,,,,
2024-10-07,28.475668606655855,0.0,,,,,,
2024-10-08,28.573377516323184,0.0,,,,,,
2024-10-09,28.449162380237993,0.0,,,,,,
2024-10-10,28.605997304682024,0.0,,,,,,
2024-10-11,28.65597002382527,0.0,,,,,,
2024-10-12,28.549928760809465,0.0,,,,,,
2024-10-13,28.678049774875745,0.0,,,,,,
2024-10-14,28.67321247046511,0.0,,,,,,
2024-10-15,28.507889264626925,0.0,,,,,,
2024-10-16,28.400318740432386,0.0,,,,,,
2024-10-17,28.760548637770135,0.0,,,,,,
2024-10-18,28.553571825494014,0.0,,,,,,
2024-10-19,28.420830645042393,0.0,,,,,,
2024-10-20,28.41906245969107,0.0,,,,,,
2024-10-21,28.441603556346287,0.0,,,,,,
2024-10-22,28.45890017824573,0.0,,,,,,
2024-10-23,28.44956054813742,0.0,,,,,,
2024-10-24,28.61319575209014,0.0,,,,,,
2024-10-25,28.43999860942275,0.0,,,,,,
2024-10-26,28.5266897494548,0.0,,,,,,
2024-10-27,28.519851959851472,0.0,,,,,,
2024-10-28,28.35906317778417,0.0,,,,,,
2024-10-29,28.40884426724648,0.0,,,,,,
2024-10-30,28.340670963448268,0.0,,,,,,
2024-10-31,28.326714400170594,0.0,,,,,,
2024-11-01,28.43539120121482,0.0,,,,,,
2024-11-02,28.32868460257206,0.0,,,,,,
2024-11-03,28.27855741860153,0.0,,,,,,
2024-11-04,28.378492129387485,0.0,,,,,,
2024-11-05,28.362368222016087,0.0,,,,,,
2024-11-06,28.40848865675423,0.0,,,,,,
2024-11-07,28.439287446447466,0.0,,,,,,
2024-11-08,28.229284347375167,0.0,,,,,,
2024-11-09,28.22818623472584,0.0,,,,,,
2024-11-10,28.18697653599444,0.0,,,,,,
2024-11-11,28.260019257196923,0.0,0.0376,0.0329,0.0172,0.014,-0.1026,0.403
2024-11-12,28.235492905009362,0.0,,,,,,
2024-11-13,28.34410091249824,0.0,,,,,,
2024-11-14,28.20232912156405,0.0,,,,,,
2024-11-15,28.304741993642214,0.0,,,,,,
2024-11-16,28.339071025931446,0.0,0.0238,0.0202,0.0071,0.0016,-0.6322,0.8532
2024-11-17,28.190235361922717,0.0,,,,,,
2024-11-18,28.11428049300048,0.0,,,,,,
2024-11-19,28.145396809498017,0.0,,,,,,
2024-11-20,28.11192728270094,0.0,,,,,,
2024-11-21,28.311230219118308,0.0,,,,,,
2024-11-22,28.008516327320596,0.0,,,,,,
2024-11-23,28.086107355706496,0.0,,,,,,
2024-11-24,28.098587625275115,0.0,,,,,,
2024-11-25,28.283228698957906,0.0,,,,,,
2024-11-26,28.136877912856654,0.0,,,,,,
2024-11-27,28.220226784890663,0.0,,,,,,
2024-11-28,28.109212979383766,0.0,,,,,,
2024-11-29,28.005552285065782,0.0,,,,,,
2024-11-30,28.007584057803275,0.0,,,,,,
2024-12-01,28.05041057725151,0.0,0.0434,0.0314,0.0147,0.0104,-0.1713,0.5024
2024-12-02,28.088598520614678,0.0,,,,,,
2024-12-03,28.09196281750083,0.0,,,,,,
2024-12-04,28.018877393909285,0.0,,,,,,
2024-12-05,28.08774265935957,0.0,,,,,,
2024-12-06,28.06167771347744,0.0,,,,,,
2024-12-07,28.004449460364825,0.0,,,,,,
2024-12-08,27.964169757754107,0.0,,,,,,
2024-12-09,27.98958390512246,0.0,,,,,,
2024-12-10,27.90923418198892,0.0,,,,,,
2024-12-11,27.946514220747197,0.0,0.0516,0.0409,0.0211,0.0148,-0.1755,0.4686
2024-12-12,27.890769451532435,0.0,,,,,,
2024-12-13,27.937189649002242,0.0,,,,,,
2024-12-14,27.95370308672826,0.0,,,,,,
2024-12-15,28.01835590444081,0.0,,,,,,
2024-12-16,27.899719795950624,0.0,,,,,,
2024-12-17,28.05272381922056,0.0,,,,,,
2024-12-18,28.058995369675337,0.0,,,,,,
2024-12-19,28.06286106708009,0.0,,,,,,
2024-12-20,27.923476620545472,0.0,,,,,,
2024-12-21,27.96975767630725,0.0,0.0445,0.0346,0.0143,0.0108,-0.1394,0.5242
2024-12-22,27.92818970775698,0.0,,,,,,
2024-12-23,27.983080323230794,0.0,,,,,,
2024-12-24,28.08441644869577,0.0,,,,,,
2024-12-25,27.935242427154343,0.0,,,,,,
2024-12-26,27.82587684208201,0.0,,,,,,
2024-12-27,27.99066134327247,0.0,,,,,,
2024-12-28,27.93098200953377,0.0,,,,,,
2024-12-29,28.070223552821908,0.0,,,,,,
2024-12-30,27.836406224485497,0.0,,,,,,
2024-12-31,27.921893836023305,0.0,0.058,0.0468,0.0198,0.0158,-0.1124,0.4952
2025-01-01,28.197505183239297,0.0,,,,,,
2025-01-02,27.88367955580005,0.0,,,,,,
2025-01-03,28.172480275623947,0.0,,,,,,
2025-01-04,28.04827714280161,0.0,,,,,,
2025-01-05,28.00310147719361,0.0,0.0662,0.0614,0.0308,0.0258,-0.0883,0.4083
2025-01-06,28.08233947223712,0.0,,,,,,
2025-01-07,28.09122066749076,0.0,,,,,,
2025-01-08,27.98462432422773,0.0,,,,,,
2025-01-09,28.132503826824987,0.0,,,,,,
2025-01-10,28.19359801083284,0.0,0.1354,0.109,0.068,0.0714,0.0244,0.2084
2025-01-11,28.05792877936406,0.0,,,,,,
2025-01-12,28.22990389689007,0.0,,,,,,
2025-01-13,28.242846864957887,0.0,,,,,,
2025-01-14,28.17316690872363,0.0,,,,,,
2025-01-15,28.30258317204456,0.0,0.0502,0.0403,0.0132,0.009,-0.1892,0.6349
2025-01-16,28.203644139264007,0.0,,,,,,
2025-01-17,28.315125617565226,0.0,,,,,,
2025-01-18,28.37102762094885,0.0,,,,,,
2025-01-19,28.339212953689497,0.0,,,,,,
2025-01-20,28.286808755235302,0.0,,,,,,
2025-01-21,28.248856707009573,0.0,,,,,,
2025-01-22,28.39677809424801,0.0,,,,,,
2025-01-23,28.261844159551355,0.0,,,,,,
2025-01-24,28.465908507948008,0.0,,,,,,
2025-01-25,28.40293394826157,0.0,,,,,,
2025-01-26,28.32036723884369,0.0,,,,,,
2025-01-27,28.328278866912083,0.0,,,,,,
2025-01-28,28.309879661545786,0.0,,,,,,
2025-01-29,28.30593170876074,0.0,,,,,,
2025-01-30,28.498742940874504,0.0,,,,,,
2025-01-31,28.51991225593578,0.0,,,,,,
2025-02-01,28.31019018373844,0.0,,,,,,
2025-02-02,28.33208170398376,0.0,,,,,,
2025-02-03,28.50925500665391,0.0,,,,,,
2025-02-04,28.47076060265949,0.0,0.0938,0.0813,0.0536,0.041,-0.1332,0.3295
2025-02-05,28.356409018649,0.0,,,,,,
2025-02-06,28.456512761966408,0.0,,,,,,
2025-02-07,28.67501428271179,0.0,,,,,,
2025-02-08,28.503201587165933,0.0,,,,,,
2025-02-09,28.563142329765903,0.0,0.0659,0.0566,0.032,0.0249,-0.1248,0.389
2025-02-10,28.41741794894881,0.0,,,,,,
2025-02-11,28.59127209400376,0.0,,,,,,
2025-02-12,28.51931341554721,0.0,,,,,,
2025-02-13,28.599341309793413,0.0,,,,,,
2025-02-14,28.514660140021856,0.0,0.0508,0.0432,0.0236,0.0152,-0.2165,0.4795
2025-02-15,28.576702473352867,0.0,,,,,,
2025-02-16,28.58037511818181,0.0,,,,,,
2025-02-17,28.52112847421421,0.0,,,,,,
2025-02-18,28.586110721469,0.0,,,,,,
2025-02-19,28.54623763048869,0.0,,,,,,
2025-02-20,28.57474380188168,0.0,,,,,,
2025-02-21,28.6442359995008,0.0,,,,,,
2025-02-22,28.74644093670483,0.0,,,,,,
2025-02-23,28.37518008245248,0.0,,,,,,
2025-02-24,28.60996381209387,0.0,,,,,,
2025-02-25,28.751875422568546,0.0,,,,,,
2025-02-26,28.522146564589853,0.0,,,,,,
2025-02-27,28.65165384246036,0.0,,,,,,
2025-02-28,28.58962316483319,0.0,,,,,,
2025-03-01,28.7155298078416,0.0,0.0898,0.0737,0.0582,0.0471,-0.1054,0.2202
2025-03-02,28.859897961827507,0.0,,,,,,
2025-03-03,28.859158218901435,0.0,,,,,,
2025-03-04,28.57802142676775,0.0,,,,,,
2025-03-05,28.67617915515638,0.0,,,,,,
2025-03-06,28.84883851202826,0.0,0.0808,0.072,0.0584,0.051,-0.0676,0.1707
2025-03-07,28.780471023869087,0.0,,,,,,
2025-03-08,28.809615159941448,0.0,,,,,,
2025-03-09,28.71317678079231,0.0,,,,,,
2025-03-10,28.601715036433426,0.0,,,,,,
2025-03-11,29.012719513758466,0.0,,,,,,
2025-03-12,28.861049139644933,0.0,,,,,,
2025-03-13,28.93117045686196,0.0,,,,,,
2025-03-14,28.921067346360083,0.0,,,,,,
2025-03-15,29.028549354914592,0.0,,,,,,
2025-03-17,29.064756369110192,0.0,,,,,,
2025-03-18,28.88524264809093,0.0,0.061,0.0508,0.0404,0.0325,-0.1084,0.2197
2025-03-19,29.10462532960527,0.0,,,,,,
2025-03-20,28.89360427362609,0.0,,,,,,
2025-03-21,28.9714197568912,0.0,,,,,,
2025-03-22,29.30702004036116,0.0,,,,,,
2025-03-23,28.980092377856813,0.0,,,,,,
2025-03-24,29.124989425019624,0.0,,,,,,
2025-03-25,29.149482772541816,0.0,,,,,,
2025-03-26,29.038554140212145,0.0,0.0592,0.0644,0.062,0.0652,0.0252,-0.0062
2025-03-27,29.21280192052709,0.0,,,,,,
2025-03-28,29.289216340392887,0.0,,,,,,
2025-03-29,29.359617832282645,0.0,,,,,,
2025-03-30,29.07361331035928,0.0,,,,,,
2025-03-31,29.163282492938915,0.0,,,,,,
2025-04-01,29.40038555123763,0.0,,,,,,
2025-04-02,29.45411518075407,0.0,,,,,,
2025-04-03,29.479237739533648,0.0,,,,,,
2025-04-04,29.42280224827847,0.0,,,,,,
2025-04-05,29.72549111267772,0.0,,,,,,
2025-04-06,29.71751699631881,0.0,,,,,,
2025-04-07,29.546903213600448,0.0,,,,,,
2025-04-08,29.60774782694753,0.0,,,,,,
2025-04-09,29.750393751131305,0.0,,,,,,
2025-04-10,29.71923963662252,0.0,,,,,,
2025-04-11,29.795255528357785,0.0,,,,,,
2025-04-12,29.89481401121644,0.0,,,,,,
2025-04-13,29.792685438383256,0.0,,,,,,
2025-04-14,29.95045039662375,0.0,,,,,,
2025-04-15,29.98726473066277,0.0,,,,,,
2025-04-16,30.04452625895792,0.0,,,,,,
2025-04-17,30.20043191259819,0.0,,,,,,
2025-04-18,30.215011384132755,0.0,,,,,,
2025-04-19,30.268875556469368,0.0,,,,,,
2025-04-20,30.186498640417675,0.0,,,,,,
2025-04-21,30.08092397596172,0.0,,,,,,
2025-04-22,30.338342971487428,0.0,,,,,,
2025-04-23,30.44787256781409,0.0,,,,,,
2025-04-24,30.531108784930225,0.1473012549900322,,,,,,
2025-04-25,30.44796202779609,0.0,,,,,,
2025-04-26,30.4655669124268,0.0,,,,,,
2025-04-27,30.5631515654564,0.1518787950652001,,,,,,
2025-04-28,30.423601175059765,0.0,,,,,,
2025-04-29,30.546796356570777,0.1495423366529681,,,,,,
2025-04-30,30.61680052046758,0.3090852681483369,,,,,,
2025-05-01,30.63501740213692,0.4712306113107541,,,,,,
2025-05-02,30.53194134631366,0.6186508036412768,,,,,,
2025-05-03,30.52916980676205,0.7656750617501409,,,,,,
2025-05-04,30.632117476162783,0.9274061297733956,,,,,,
2025-05-05,30.591133999691,1.0832824154435383,,,,,,
2025-05-06,30.607372689647708,1.2414785139646394,,,,,,
2025-05-07,30.656339289762084,1.4066698410735086,,,,,,
2025-05-08,30.63222310317067,1.5684159986693185,,,,,,
2025-05-09,30.8257575608501,1.7578099359336186,,,,,,
2025-05-10,30.691163679422687,1.927976175851145,,,,,,
2025-05-11,30.665223433677625,2.09443666637652,,,,,,
2025-05-12,30.53495134602388,2.2422868586656457,,,,,,
2025-05-13,30.595741831253964,2.3988214059876407,,,,,,
2025-05-14,30.63760267689244,2.561336074115132,,,,,,
2025-05-15,30.70445000851673,2.733400361046093,,,,,,
2025-05-16,30.489350339684066,2.233400361046093,,,,,,
2025-05-17,30.758939849486868,2.413248910972789,,,,,,
2025-05-18,30.44197832297824,1.913248910972789,,,,,,
2025-05-19,30.530990387724497,2.0605332520762887,,,,,,
2025-05-20,30.60538372253535,2.218445212438481,0.1068,0.108,0.0916,0.0848,-0.0385,0.1203
2025-05-21,30.52505961700216,2.364882300581647,,,,,,
2025-05-22,30.498141536381493,1.8648823005816468,,,,,,
2025-05-23,30.39264695502064,1.3648823005816468,,,,,,
2025-05-24,30.62092231057879,1.52501405923576,,,,,,
2025-05-25,30.29634600470019,1.02501405923576,,,,,,
2025-05-26,30.500320574189683,1.1679169984057147,,,,,,
2025-05-27,30.41567807949022,0.6679169984057147,,,,,,
2025-05-28,30.66478965790949,0.8343155209642135,,,,,,
2025-05-29,30.524957834656018,0.980738068772216,,,,,,
2025-05-30,30.46238839283861,0.480738068772216,,,,,,
2025-05-31,30.524137838073848,0.6270434742113372,,,,,,
2025-06-01,30.4676103005149,0.1270434742113372,,,,,,
2025-06-02,30.472579061791,0.0,,,,,,
2025-06-03,30.41448986121136,0.0,,,,,,
2025-06-04,30.58003484839458,0.154290692627797,,,,,,
2025-06-05,30.333581155299235,0.0,,,,,,
2025-06-06,30.438646354524334,0.0,,,,,,
2025-06-07,30.512847780016106,0.1446925400023008,,,,,,
2025-06-08,30.338930487792013,0.0,,,,,,
2025-06-09,30.407774645603222,0.0,,,,,,
2025-06-10,30.52008032263049,0.1457257603757844,,,,,,
2025-06-11,30.49324715708264,0.0,,,,,,
2025-06-12,30.34219526104349,0.0,,,,,,
2025-06-13,30.381772135758663,0.0,,,,,,
2025-06-14,30.31066530537294,0.0,,,,,,
2025-06-15,30.479377249366536,0.0,,,,,,
2025-06-16,30.57518346094892,0.1535976372784167,,,,,,
2025-06-17,30.600260826150407,0.3107777552999035,,,,,,
2025-06-18,30.581100064688915,0.4652206216840341,,,,,,
2025-06-19,30.48996772385557,0.0,,,,,,
2025-06-20,30.323413333693,0.0,,,,,,
2025-06-21,30.44764485623555,0.0,,,,,,
2025-06-22,30.30075301667506,0.0,,,,,,
2025-06-23,30.45188695308169,0.0,,,,,,
2025-06-24,30.48403605436847,0.0,,,,,,
2025-06-25,30.619938874300765,0.1599912677572521,,,,,,
2025-06-26,30.2822343440058,0.0,,,,,,
2025-06-27,30.54467809284342,0.1492397275490599,,,,,,
2025-06-28,30.50807318363702,0.2932501823543484,,,,,,
2025-06-29,30.409267232910253,0.0,,,,,,
2025-06-30,30.648719246109767,0.1641027494442524,,,,,,
2025-07-01,30.497046421614336,0.0,,,,,,
2025-07-02,30.566176953630315,0.1523109933757592,,,,,,
2025-07-03,30.5325119977082,0.2998127073340733,,,,,,
2025-07-04,30.401451004990605,0.0,,,,,,
2025-07-05,30.55882728220609,0.1512610403151555,,,,,,
2025-07-06,30.608881416016533,0.3096726711746603,,,,,,
2025-07-07,30.32520716922471,0.0,,,,,,
2025-07-08,30.612228802223,0.1588898288890001,,,,,,
2025-07-09,30.46728967735097,0.0,,,,,,
2025-07-10,30.45968073217304,0.0,,,,,,
2025-07-11,30.658334633784403,0.1654763762549146,,,,,,
2025-07-12,30.62374632846172,0.3260115660351604,,,,,,
2025-07-13,30.46349307262722,0.0,,,,,,
2025-07-14,30.53896045828797,0.1484229226125672,,,,,,
2025-07-15,30.37979284398944,0.0,,,,,,
2025-07-16,30.66616994219897,0.1665957060284242,,,,,,
2025-07-17,30.608777531442016,0.3249924962344264,,,,,,
2025-07-18,30.53669695268305,0.4730920609034338,,,,,,
2025-07-19,30.41727681355292,0.0,,,,,,
2025-07-20,30.33200131542996,0.0,,,,,,
2025-07-21,30.2434368196669,0.0,,,,,,
2025-07-22,30.368514914417272,0.0,,,,,,
2025-07-23,30.513604899501168,0.1448006999287382,,,,,,
2025-07-24,30.46213145383833,0.0,,,,,,
2025-07-25,30.53859125762716,0.1483701796610229,,,,,,
2025-07-26,30.44290090637316,0.0,,,,,,
2025-07-27,30.571500577605875,0.1530715110865535,,,,,,
2025-07-28,30.098529052302897,0.0,,,,,,
2025-07-29,30.5487857302398,0.1498265328913994,,,,,,
2025-07-30,30.46354316420935,0.0,,,,,,
2025-07-31,30.54050982561291,0.1486442608018445,,,,,,
2025-08-01,30.3649663226249,0.0,,,,,,
2025-08-02,30.280753334034927,0.0,,,,,,
2025-08-03,30.35598378712461,0.0,,,,,,
2025-08-04,30.29602212507988,0.0,,,,,,
2025-08-05,30.31595341371305,0.0,,,,,,
2025-08-06,30.155877760453656,0.0,,,,,,
2025-08-07,30.44086065362451,0.0,,,,,,
2025-08-08,30.355846640191185,0.0,,,,,,
2025-08-09,30.151880048650447,0.0,,,,,,
2025-08-10,30.329287729763703,0.0,,,,,,
2025-08-11,30.10323428928893,0.0,,,,,,
2025-08-12,30.32992032916388,0.0,,,,,,
2025-08-13,30.10487124824904,0.0,,,,,,
2025-08-14,30.134181037327263,0.0,,,,,,
2025-08-15,30.32417681970931,0.0,,,,,,
2025-08-16,30.22551555023846,0.0,,,,,,
2025-08-17,30.23173419130478,0.0,,,,,,
2025-08-18,30.183139060078776,0.0,,,,,,
2025-08-19,30.175840733909688,0.0,,,,,,
2025-08-20,30.14428564080972,0.0,,,,,,
2025-08-21,30.3236112098288,0.0,,,,,,
2025-08-22,30.348601510352484,0.0,,,,,,
2025-08-23,30.10380331615472,0.0,,,,,,
2025-08-24,29.98326719970337,0.0,,,,,,
2025-08-25,30.043262506466068,0.0,,,,,,
2025-08-26,30.078381602286743,0.0,,,,,,
2025-08-27,30.0335058581306,0.0,,,,,,
2025-08-28,29.909251509715155,0.0,,,,,,
2025-08-29,29.99737194259168,0.0,,,,,,
2025-08-30,29.718098369593505,0.0,,,,,,
2025-08-31,30.118614909978675,0.0,,,,,,
2025-09-01,29.908214614964955,0.0,,,,,,
2025-09-02,29.82076988904256,0.0,,,,,,
2025-09-03,29.78025881112195,0.0,,,,,,
2025-09-04,29.77128539413809,0.0,,,,,,
2025-09-05,29.87528025736876,0.0,,,,,,
2025-09-06,29.841490116345327,0.0,,,,,,
2025-09-07,29.761327971028955,0.0,,,,,,
2025-09-08,29.69674374048341,0.0,,,,,,
2025-09-09,29.61648579730676,0.0,,,,,,
2025-09-10,29.78521880175364,0.0,,,,,,
2025-09-11,29.81386162269524,0.0,,,,,,
2025-09-12,29.74883060490874,0.0,,,,,,
2025-09-13,29.61345677274184,0.0,,,,,,
2025-09-14,29.54340579733598,0.0,,,,,,
2025-09-15,29.60108394900747,0.0,,,,,,
2025-09-16,29.681966162375275,0.0,,,,,,
2025-09-17,29.43496861572895,0.0,,,,,,
2025-09-18,29.45689407206581,0.0,,,,,,
2025-09-19,29.75208356624352,0.0,,,,,,
2025-09-20,29.694609008490016,0.0,,,,,,
2025-09-21,29.21820552308074,0.0,,,,,,
2025-09-22,29.440533678075127,0.0,,,,,,
2025-09-23,29.352678311714097,0.0,,,,,,
2025-09-24,29.475398778671394,0.0,,,,,,
2025-09-25,29.218949479356443,0.0,,,,,,
2025-09-26,29.381430805533515,0.0,,,,,,
2025-09-27,29.30702495441657,0.0,,,,,,
2025-09-28,29.41531009333832,0.0,,,,,,
2025-09-29,29.25015978622889,0.0,,,,,,
2025-09-30,29.34350592838653,0.0,,,,,,
2025-10-01,29.0160884197606,0.0,,,,,,
2025-10-02,29.08455128665695,0.0,,,,,,
2025-10-03,29.281253696418137,0.0,,,,,,
2025-10-04,29.128648917097845,0.0,,,,,,
2025-10-05,29.13241926669172,0.0,,,,,,
2025-10-06,29.11732180239204,0.0,,,,,,
2025-10-07,29.18925981668665,0.0,,,,,,
2025-10-08,29.067568373440967,0.0,,,,,,
2025-10-09,28.90374451842246,0.0,,,,,,
2025-10-10,28.83663561666797,0.0,,,,,,
2025-10-11,28.920687547048395,0.0,,,,,,
2025-10-12,28.92245944649568,0.0,,,,,,
2025-10-13,28.91180991956339,0.0,,,,,,
2025-10-14,28.754879490235105,0.0,,,,,,
2025-10-15,28.96422763632236,0.0,,,,,,
2025-10-16,28.827317640568,0.0,,,,,,
2025-10-17,28.73184731725721,0.0,,,,,,
2025-10-18,28.71826846339702,0.0,,,,,,
2025-10-19,28.7074776472087,0.0,,,,,,
2025-10-20,28.705417077319748,0.0,,,,,,
2025-10-21,28.66811687345108,0.0,,,,,,
2025-10-22,28.644905624121904,0.0,,,,,,
2025-10-23,28.6574048117402,0.0,,,,,,
2025-10-24,28.643865441291783,0.0,,,,,,
2025-10-25,28.69491455905384,0.0,,,,,,
2025-10-26,28.68435233752269,0.0,,,,,,
2025-10-27,28.582115880605308,0.0,0.1734,0.151,0.1376,0.1438,0.022,0.0244
2025-10-28,28.66230232754956,0.0,,,,,,
2025-10-29,28.270932566132235,0.0,,,,,,
2025-10-30,28.353202430336683,0.0,,,,,,
2025-10-31,28.566256938398503,0.0,,,,,,
2025-11-01,28.37693929188357,0.0,,,,,,
2025-11-02,28.343982305835,0.0,,,,,,
2025-11-03,28.425904366813857,0.0,,,,,,
2025-11-04,28.292366781871408,0.0,,,,,,
2025-11-05,28.30386264019018,0.0,,,,,,
2025-11-06,28.573543812811923,0.0,,,,,,
2025-11-07,28.316470386918983,0.0,,,,,,
2025-11-08,28.24691601967922,0.0,,,,,,
2025-11-09,28.31460820305913,0.0,,,,,,
2025-11-10,28.099731407613405,0.0,,,,,,
2025-11-11,28.27636780574857,0.0,,,,,,
2025-11-12,28.22963141470212,0.0,,,,,,
2025-11-13,28.14842791157547,0.0,,,,,,
2025-11-14,28.20807559902134,0.0,,,,,,
2025-11-15,28.14754683553448,0.0,,,,,,
2025-11-16,28.10614215224464,0.0,0.1556,0.1568,0.1082,0.1138,0.0252,0.1589
2025-11-17,28.10685516155509,0.0,,,,,,
2025-11-18,28.05140798970957,0.0,,,,,,
2025-11-19,28.1386338131605,0.0,,,,,,
2025-11-20,27.872705955587016,0.0,,,,,,
2025-11-21,28.0117335714964,0.0,,,,,,
2025-11-22,27.83582548750298,0.0,,,,,,
2025-11-23,27.99551080026628,0.0,,,,,,
2025-11-24,27.84409549981354,0.0,,,,,,
2025-11-25,27.9519321673696,0.0,,,,,,
2025-11-26,27.95316352328854,0.0,,,,,,
2025-11-27,27.9214450304773,0.0,,,,,,
2025-11-28,27.91386196163754,0.0,,,,,,
2025-11-29,27.98932068046964,0.0,,,,,,
2025-11-30,27.86161245571557,0.0,,,,,,
2025-12-01,27.72883220261159,0.0,0.0307,0.02,0.0013,0.0004,-0.5294,0.9608
2025-12-02,27.86098593971984,0.0,,,,,,
2025-12-03,27.7532329940263,0.0,0.0516,0.0381,0.0186,0.0104,-0.2828,0.5711
2025-12-04,27.63676921908204,0.0,,,,,,
2025-12-05,27.670157913739867,0.0,,,,,,
2025-12-06,27.74986482435859,0.0,0.0618,0.0506,0.0288,0.0174,-0.2468,0.4882
2025-12-07,27.74619401613573,0.0,,,,,,
2025-12-08,27.662021961028625,0.0,,,,,,
2025-12-09,27.74152332006849,0.0,,,,,,
2025-12-10,27.5968491901901,0.0,,,,,,
2025-12-11,27.58552479861211,0.0,,,,,,
2025-12-12,27.801521467223093,0.0,,,,,,
2025-12-13,27.697517714110194,0.0,,,,,,
2025-12-14,27.58814518000624,0.0,,,,,,
2025-12-15,27.723484243407405,0.0,,,,,,
2025-12-16,27.674454004168616,0.0,0.0461,0.0344,0.0115,0.0059,-0.3218,0.7072
2025-12-17,27.64465284683304,0.0,,,,,,
2025-12-18,27.582218877827724,0.0,,,,,,
2025-12-19,27.727593436468783,0.0,,,,,,
2025-12-20,27.564185695322124,0.0,,,,,,
2025-12-21,27.692400891588942,0.0,0.047,0.0374,0.0148,0.0103,-0.1793,0.5681
2025-12-22,27.52895016865474,0.0,,,,,,
2025-12-23,27.75033397567536,0.0,0.0337,0.0263,0.0008,0.0,-1.0,1.0
2025-12-24,27.77329610154909,0.0,,,,,,
2025-12-25,27.497292997348403,0.0,,,,,,
2025-12-26,27.573542620734383,0.0,0.0668,0.0494,0.0228,0.0156,-0.1875,0.52
2025-12-27,27.47790255227901,0.0,,,,,,
2025-12-28,27.598664677310484,0.0,,,,,,
2025-12-29,27.492795504690427,0.0,,,,,,
2025-12-30,27.720613375081864,0.0,,,,,,
2025-12-31,27.50218632868733,0.0,0.0533,0.0465,0.0132,0.0084,-0.2222,0.694
