date,sst_celsius,dhw,blue,green,red,nir
2023-01-01,27.3142221511726,0.0,0.0552,0.0458,0.0192,0.0135
2023-01-01,27.3142221511726,0.0,0.0571,0.0477,0.0211,0.015
2023-01-01,27.487897407907447,0.0,0.0552,0.0458,0.0192,0.0135
2023-01-01,27.487897407907447,0.0,0.0571,0.0477,0.0211,0.015
2023-01-02,27.43796812684629,0.0,,,,
2023-01-02,27.901033071605603,0.0,,,,
2023-01-03,27.49522680852344,0.0,,,,
2023-01-03,27.673515102273,0.0,,,,
2023-01-04,27.75534705042741,0.0,,,,
2023-01-04,27.60905716381264,0.0,,,,
2023-01-05,27.757795301064927,0.0,,,,
2023-01-05,27.440778456100663,0.0,,,,
2023-01-06,27.71266174274676,0.0,0.271,0.2612,0.2386,0.2398
2023-01-06,27.552839927029744,0.0,0.271,0.2612,0.2386,0.2398
2023-01-07,27.414027912484386,0.0,,,,
2023-01-07,27.56120284014496,0.0,,,,
2023-01-08,27.393533722122843,0.0,,,,
2023-01-08,27.63921862371405,0.0,,,,
2023-01-09,27.39699478390481,0.0,,,,
2023-01-09,27.44472306250274,0.0,,,,
2023-01-10,27.49916628530882,0.0,,,,
2023-01-10,27.723578769362945,0.0,,,,
2023-01-11,27.3210284452592,0.0,,,,
2023-01-11,27.538148313040367,0.0,,,,
2023-01-12,27.62846240205024,0.0,,,,
2023-01-12,27.60778982092192,0.0,,,,
2023-01-13,27.720599132212435,0.0,,,,
2023-01-13,27.44623940653711,0.0,,,,
2023-01-14,27.23409143482449,0.0,,,,
2023-01-14,27.568424314802524,0.0,,,,
2023-01-15,27.36458647481697,0.0,,,,
2023-01-15,27.61796407886544,0.0,,,,
2023-01-16,27.43792391779253,0.0,0.0358,0.0241,0.0094,0.0064
2023-01-16,27.43792391779253,0.0,0.0443,0.0314,0.0156,0.0111
2023-01-16,27.66201433565416,0.0,0.0358,0.0241,0.0094,0.0064
2023-01-16,27.66201433565416,0.0,0.0443,0.0314,0.0156,0.0111
2023-01-17,27.569335121290628,0.0,,,,
2023-01-17,27.58576970960231,0.0,,,,
2023-01-18,27.69767600991185,0.0,,,,
2023-01-18,27.30375183768992,0.0,,,,
2023-01-19,27.546458198018183,0.0,,,,
2023-01-19,27.38742094871836,0.0,,,,
2023-01-20,27.274724390300378,0.0,,,,
2023-01-20,27.507675170438244,0.0,,,,
2023-01-21,27.33324627323242,0.0,,,,
2023-01-21,27.643420450893554,0.0,,,,
2023-01-22,27.42216059799632,0.0,,,,
2023-01-22,27.41358831649012,0.0,,,,
2023-01-23,27.58967633624652,0.0,,,,
2023-01-23,27.462525782697448,0.0,,,,
2023-01-24,27.542685875899807,0.0,,,,
2023-01-24,27.80067107391373,0.0,,,,
2023-01-25,27.555077238606305,0.0,,,,
2023-01-25,27.62798847082631,0.0,,,,
2023-01-26,27.64861513956228,0.0,0.057,0.0474,0.0196,0.012
2023-01-26,27.78595967547598,0.0,0.057,0.0474,0.0196,0.012
2023-01-27,27.949693905917268,0.0,,,,
2023-01-27,27.47708052281248,0.0,,,,
2023-01-28,27.61273088047352,0.0,,,,
2023-01-28,27.2078509074197,0.0,,,,
2023-01-29,27.902181628536063,0.0,,,,
2023-01-29,27.48509396469581,0.0,,,,
2023-01-30,27.54179303368578,0.0,,,,
2023-01-30,27.561821394408963,0.0,,,,
2023-01-31,27.633664638693062,0.0,0.0526,0.038,0.0143,0.0088
2023-01-31,27.633664638693062,0.0,0.0603,0.0448,0.0202,0.0133
2023-01-31,27.78574291770131,0.0,0.0526,0.038,0.0143,0.0088
2023-01-31,27.78574291770131,0.0,0.0603,0.0448,0.0202,0.0133
2023-02-01,27.588773602571752,0.0,,,,
2023-02-01,27.761757265959712,0.0,,,,
2023-02-02,27.81516621941219,0.0,,,,
2023-02-02,27.627626055577167,0.0,,,,
2023-02-03,27.39858610344245,0.0,,,,
2023-02-03,27.79555111358938,0.0,,,,
2023-02-04,27.708277441901505,0.0,,,,
2023-02-04,27.50426496887141,0.0,,,,
2023-02-05,27.643756491644464,0.0,,,,
2023-02-05,27.7259678580546,0.0,,,,
2023-02-06,27.65059059677132,0.0,,,,
2023-02-06,27.711885621773785,0.0,,,,
2023-02-07,27.76774803243862,0.0,,,,
2023-02-07,27.733156678843425,0.0,,,,
2023-02-08,27.78241989981096,0.0,,,,
2023-02-08,27.64837973724812,0.0,,,,
2023-02-09,27.72834051823544,0.0,,,,
2023-02-09,27.93105567150108,0.0,,,,
2023-02-10,27.58192321607829,0.0,,,,
2023-02-10,27.81215452222457,0.0,,,,
2023-02-11,27.88828293200936,0.0,,,,
2023-02-11,27.5812335962665,0.0,,,,
2023-02-12,27.459678960297733,0.0,,,,
2023-02-12,27.73453494417661,0.0,,,,
2023-02-13,27.85172619971092,0.0,,,,
2023-02-13,27.912922095866133,0.0,,,,
2023-02-14,27.659273891148164,0.0,,,,
2023-02-14,27.842341536920383,0.0,,,,
2023-02-15,27.829359062115493,0.0,,,,
2023-02-15,27.848198533262654,0.0,,,,
2023-02-16,27.82849361758575,0.0,,,,
2023-02-16,27.823047012737145,0.0,,,,
2023-02-17,27.85032392358396,0.0,,,,
2023-02-17,27.68326332361139,0.0,,,,
2023-02-18,27.944122157484365,0.0,,,,
2023-02-18,28.02045886467868,0.0,,,,
2023-02-19,27.99355838968517,0.0,,,,
2023-02-19,27.738319760537493,0.0,,,,
2023-02-20,27.91860856016536,0.0,,,,
2023-02-20,27.900558104995127,0.0,,,,
2023-02-21,27.95789921707136,0.0,,,,
2023-02-21,27.725050253637708,0.0,,,,
2023-02-22,27.935373766396108,0.0,,,,
2023-02-22,27.814033505357045,0.0,,,,
2023-02-23,27.997519235644454,0.0,,,,
2023-02-23,27.998659431592632,0.0,,,,
2023-02-24,28.103213834997515,0.0,,,,
2023-02-24,27.870797533485074,0.0,,,,
2023-02-25,28.411305881948177,0.0,0.136,0.1072,0.0656,0.0084
2023-02-25,27.83926547867213,0.0,0.136,0.1072,0.0656,0.0084
2023-02-26,27.896563734739704,0.0,,,,
2023-02-26,27.99227814073985,0.0,,,,
2023-02-27,27.96963104332793,0.0,,,,
2023-02-27,28.256430744448988,0.0,,,,
2023-02-28,27.997347922363986,0.0,,,,
2023-02-28,28.060345618840213,0.0,,,,
2023-03-01,27.991786664913544,0.0,,,,
2023-03-01,28.20465954706541,0.0,,,,
2023-03-02,28.00193870202699,0.0,,,,
2023-03-02,28.12098052948801,0.0,,,,
2023-03-03,27.818325040492624,0.0,,,,
2023-03-03,28.08678511975171,0.0,,,,
2023-03-04,28.156323236462555,0.0,,,,
2023-03-04,28.0723996216192,0.0,,,,
2023-03-05,28.201651173447395,0.0,,,,
2023-03-05,27.80536161742032,0.0,,,,
2023-03-06,28.086076030711137,0.0,,,,
2023-03-06,28.37699501961514,0.0,,,,
2023-03-07,28.169551278619384,0.0,0.073,0.0706,0.0454,0.0302
2023-03-07,28.169551278619384,0.0,0.071,0.0691,0.0448,0.0296
2023-03-07,28.010427207458285,0.0,0.073,0.0706,0.0454,0.0302
2023-03-07,28.010427207458285,0.0,0.071,0.0691,0.0448,0.0296
2023-03-08,28.23861632487385,0.0,,,,
2023-03-08,28.23190744616205,0.0,,,,
2023-03-09,28.80339323615325,0.0,,,,
2023-03-09,28.184119884859467,0.0,,,,
2023-03-10,28.244158291664164,0.0,,,,
2023-03-10,27.97088888833732,0.0,,,,
2023-03-11,28.381205704703973,0.0,,,,
2023-03-11,28.3010296833296,0.0,,,,
2023-03-12,28.39241959940756,0.0,,,,
2023-03-12,28.01118744174064,0.0,,,,
2023-03-13,28.163358687890447,0.0,,,,
2023-03-13,28.269538938450584,0.0,,,,
2023-03-14,28.425615543437424,0.0,,,,
2023-03-14,28.38882088055892,0.0,,,,
2023-03-15,28.38395078568231,0.0,,,,
2023-03-15,28.21823808836939,0.0,,,,
2023-03-16,28.352665043500743,0.0,,,,
2023-03-16,28.328229179012453,0.0,,,,
2023-03-17,28.472621334687467,0.0,0.077,0.0772,0.0652,0.0581
2023-03-17,28.511127054622264,0.0,0.077,0.0772,0.0652,0.0581
2023-03-18,28.46725498731992,0.0,,,,
2023-03-18,28.35599562847861,0.0,,,,
2023-03-19,28.357525281441387,0.0,,,,
2023-03-19,28.465981167826406,0.0,,,,
2023-03-20,28.66352476668277,0.0,,,,
2023-03-20,28.353874060018168,0.0,,,,
2023-03-21,28.71531550693765,0.0,,,,
2023-03-21,28.55139561356139,0.0,,,,
2023-03-22,28.55191985281944,0.0,0.0911,0.0871,0.0728,0.0714
2023-03-22,28.57245545740461,0.0,0.0911,0.0871,0.0728,0.0714
2023-03-23,28.648063688650325,0.0,,,,
2023-03-23,28.66870790001557,0.0,,,,
2023-03-24,28.686761459582925,0.0,,,,
2023-03-24,28.4944195696073,0.0,,,,
2023-03-25,29.101489451687712,0.0,,,,
2023-03-25,28.47925984700525,0.0,,,,
2023-03-26,28.830514121827136,0.0,,,,
2023-03-26,28.90427818981545,0.0,,,,
2023-03-27,28.88897287552296,0.0,0.0996,0.097,0.0876,0.088
2023-03-27,28.88897287552296,0.0,0.1098,0.1028,0.0922,0.088
2023-03-27,29.06240465551636,0.0,0.0996,0.097,0.0876,0.088
2023-03-27,29.06240465551636,0.0,0.1098,0.1028,0.0922,0.088
2023-03-28,28.74624518525324,0.0,,,,
2023-03-28,29.0608503268172,0.0,,,,
2023-03-29,28.944355298972145,0.0,,,,
2023-03-29,28.777106635150208,0.0,,,,
2023-03-30,28.81295865634835,0.0,,,,
2023-03-30,28.676303448898523,0.0,,,,
2023-03-31,29.05264065898816,0.0,,,,
2023-03-31,29.25619506090907,0.0,,,,
2023-04-01,29.004390916040386,0.0,0.1626,0.1524,0.1376,0.14
2023-04-01,28.625001441861787,0.0,0.1626,0.1524,0.1376,0.14
2023-04-02,28.972171238002083,0.0,,,,
2023-04-02,28.883434019672592,0.0,,,,
2023-04-03,29.346406780386744,0.0,,,,
2023-04-03,29.20784470807502,0.0,,,,
2023-04-04,29.23218667874978,0.0,,,,
2023-04-04,29.16058831545471,0.0,,,,
2023-04-05,29.138374713718544,0.0,,,,
2023-04-05,29.43021630787107,0.0,,,,
2023-04-06,29.292532124405938,0.0,0.1244,0.1306,0.1146,0.1202
2023-04-06,28.74642742291537,0.0,0.1244,0.1306,0.1146,0.1202
2023-04-07,29.231785454269232,0.0,,,,
2023-04-07,28.79577848843681,0.0,,,,
2023-04-08,29.30466583558057,0.0,,,,
2023-04-08,29.277300502767844,0.0,,,,
2023-04-09,29.389140569056725,0.0,,,,
2023-04-09,29.324964014087925,0.0,,,,
2023-04-10,29.291655791160423,0.0,,,,
2023-04-10,29.58402005908225,0.0,,,,
2023-04-11,29.357667568138503,0.0,,,,
2023-04-11,29.460701534831163,0.0,,,,
2023-04-12,29.375389712672835,0.0,,,,
2023-04-12,29.45682525378473,0.0,,,,
2023-04-13,29.46698374276052,0.0,,,,
2023-04-13,29.51660182802372,0.0,,,,
2023-04-14,29.622464741033472,0.0,,,,
2023-04-14,29.462419648476583,0.0,,,,
2023-04-15,29.60269346309661,0.0,,,,
2023-04-15,29.28228282261017,0.0,,,,
2023-04-16,29.553917846597496,0.0,,,,
2023-04-16,29.6725096902735,0.0,,,,
2023-04-17,29.666454287146014,0.0,,,,
2023-04-17,29.89561035198432,0.0,,,,
2023-04-18,29.858259665769392,0.0,,,,
2023-04-18,29.667222979617875,0.0,,,,
2023-04-19,29.8065986836528,0.0,,,,
2023-04-19,29.80077701924367,0.0,,,,
2023-04-20,29.949069180404283,0.0,,,,
2023-04-20,29.83183253598313,0.0,,,,
2023-04-21,29.81411653000013,0.0,0.0996,0.1032,0.0916,0.097
2023-04-21,29.81411653000013,0.0,0.0979,0.1019,0.0908,0.0965
2023-04-21,30.16568385359001,0.0,0.0996,0.1032,0.0916,0.097
2023-04-21,30.16568385359001,0.0,0.0979,0.1019,0.0908,0.0965
2023-04-22,29.81843744809189,0.0,,,,
2023-04-22,30.06125321456753,0.0,,,,
2023-04-23,30.36576792499608,0.0,,,,
2023-04-23,29.81443444594335,0.0,,,,
2023-04-24,30.594854967824133,0.1564078525463048,,,,
2023-04-24,30.01342032033413,0.0,,,,
2023-04-25,30.26407745019179,0.0,,,,
2023-04-25,30.292193492216605,0.0,,,,
2023-04-26,30.17079800344736,0.0,,,,
2023-04-26,29.97069451261797,0.0,,,,
2023-04-27,30.28516004511676,0.0,,,,
2023-04-27,30.21317593662588,0.0,,,,
2023-04-28,30.43836595016264,0.0,,,,
2023-04-28,29.946539292686065,0.0,,,,
2023-04-29,30.488455370579835,0.0,,,,
2023-04-29,30.305232576640613,0.0,,,,
2023-04-30,30.143310149209167,0.0,,,,
2023-04-30,30.635070192367053,0.1621528846238646,,,,
2023-05-01,30.208791030875467,0.0,,,,
2023-05-01,30.74943776612785,0.3406439940707005,,,,
2023-05-02,30.392059592459955,0.0,,,,
2023-05-02,30.754154256576896,0.5198088878674001,,,,
2023-05-03,30.236531919870124,0.0,,,,
2023-05-03,31.03990970009866,0.7397959878814946,,,,
2023-05-04,30.38629645040592,0.0,,,,
2023-05-04,30.71044661485802,0.912716932861212,,,,
2023-05-05,30.79418597970537,1.0976006442476935,,,,
2023-05-05,30.211458812682885,0.0,,,,
2023-05-06,30.807872354618443,1.2844395520503282,0.1452,0.1424,0.1166,0.1144
2023-05-06,30.402382659499214,0.0,0.1452,0.1424,0.1166,0.1144
2023-05-07,30.87664643857449,1.481103328989541,,,,
2023-05-07,30.52632374517115,0.146617677881593,,,,
2023-05-08,30.48950479255878,0.0,,,,
2023-05-08,30.79896579601226,1.666669871277007,,,,
2023-05-09,30.490099586934527,0.0,,,,
2023-05-09,30.79254605192879,1.8513193072668344,,,,
2023-05-10,30.9417982408398,0.2059711772628283,,,,
2023-05-10,30.84060662377512,2.0428345392347085,,,,
2023-05-11,30.75819999237332,0.3857140333161588,,,,
2023-05-11,30.92676384333182,2.2466579454249684,,,,
2023-05-12,30.89044438315036,0.5843489451947812,,,,
2023-05-12,30.945224810281854,2.4531186326080903,,,,
2023-05-13,30.836873066330813,0.7753308118134689,,,,
2023-05-13,31.064828353568377,2.676665540260716,,,,
2023-05-14,31.181597804292043,1.015559069569475,,,,
2023-05-14,31.037056110265755,2.8962449845843947,,,,
2023-05-15,30.96570554406071,1.2249455758638623,,,,
2023-05-15,30.95396995124632,3.1039549776195834,,,,
2023-05-16,30.96914072745498,1.4348228226431454,,,,
2023-05-16,31.23142050199785,3.351300763619276,,,,
2023-05-17,30.98154359531792,1.6464719076885626,,,,
2023-05-17,30.9101163691292,3.5527459592091617,,,,
2023-05-18,31.16102535041381,1.883761243461964,,,,
2023-05-18,31.23927530556993,3.8012138600048657,,,,
2023-05-19,31.137005604842336,2.117619187010869,,,,
2023-05-19,31.11345640988534,4.031707632845629,,,,
2023-05-20,31.02929043159208,2.3360892486668794,,,,
2023-05-20,31.072269411105395,4.256317548717829,,,,
2023-05-21,31.17549883669142,2.5754462253370822,0.1324,0.1378,0.1244,0.1094
2023-05-21,31.17549883669142,2.5754462253370822,0.1366,0.1406,0.1254,0.1102
2023-05-21,31.1173693774162,4.487370316920142,0.1324,0.1378,0.1244,0.1094
2023-05-21,31.1173693774162,4.487370316920142,0.1366,0.1406,0.1254,0.1102
2023-05-22,31.09509239791874,2.8033165678969025,,,,
2023-05-22,30.93382255757251,4.692202110859072,,,,
2023-05-23,31.098029540527552,4.920492045220151,,,,
2023-05-23,31.39255783624493,3.073681973074749,,,,
2023-05-24,30.89362591159533,5.1195814611623405,,,,
2023-05-24,31.05879723408276,3.2963672922294283,,,,
2023-05-25,31.31914275783049,3.556244829062356,,,,
2023-05-25,30.937571617907693,5.324948835149153,,,,
2023-05-26,31.00196108403449,5.539514704296938,0.107,0.1138,0.1072,0.0872
2023-05-26,31.17145345887296,3.7950238946156354,0.107,0.1138,0.1072,0.0872
2023-05-27,31.04766090584013,5.760609119416956,,,,
2023-05-27,31.21440411807444,4.0399387686262695,,,,
2023-05-28,31.05084398148927,5.982158259629709,,,,
2023-05-28,31.394091119868207,4.310523214321727,,,,
2023-05-29,31.14585428226424,4.545645254645191,,,,
2023-05-29,31.10069632773085,6.210829163591259,,,,
2023-05-30,31.340876126228107,4.808627558392063,,,,
2023-05-30,30.912487379126443,6.412613074895036,,,,
2023-05-31,31.146227169500253,5.043802868320671,,,,
2023-05-31,30.670557569677257,6.57983558484893,,,,
2023-06-01,30.859465434972257,6.77404493270211,,,,
2023-06-01,31.39612516392035,5.314677891737864,,,,
2023-06-02,31.66524540994568,5.623998664587246,,,,
2023-06-02,30.641964280376524,6.937182687041614,,,,
2023-06-03,30.74174079213272,7.114574228774859,,,,
2023-06-03,31.382370670135305,5.892908760320861,,,,
2023-06-04,31.49846301354989,6.178403476542274,,,,
2023-06-04,30.73315310425078,7.290738957953541,,,,
2023-06-05,30.797494645673257,7.476095335906864,,,,
2023-06-05,31.359928323833387,6.444107522804186,,,,
2023-06-06,30.75450247433531,7.655309975097623,,,,
2023-06-06,31.316679797505248,6.703633208162079,,,,
2023-06-07,31.507421206549303,6.99040766624055,,,,
2023-06-07,30.61941413433725,7.815226280002944,,,,
2023-06-08,30.56663007268288,7.967602004671927,,,,
2023-06-08,31.55959013348978,7.284634828167662,,,,
2023-06-09,30.74639318645508,8.14565817416551,,,,
2023-06-09,31.30140212585967,7.541977989004758,,,,
2023-06-10,30.737840054102183,8.32249246760868,,,,
2023-06-10,31.30823378636615,7.800297101342779,,,,
2023-06-11,30.80959860155724,8.509577982116856,,,,
2023-06-11,31.4050276834571,8.072443913265221,,,,
2023-06-12,31.48174344987105,8.355550120389656,,,,
2023-06-12,30.719772542557152,8.683831202482162,,,,
2023-06-13,31.72505358827368,8.673414918714467,,,,
2023-06-13,30.87057451005572,8.87962756106155,,,,
2023-06-14,30.41321226192546,8.37962756106155,,,,
2023-06-14,31.22026611155928,8.919167220365791,,,,
2023-06-15,31.51578969352889,9.207137176584204,,,,
2023-06-15,30.72145901037804,8.55412170540127,,,,
2023-06-16,31.35683284368708,9.472399011396645,,,,
2023-06-16,30.56732310416372,8.706596434567516,,,,
2023-06-17,31.57894665862374,9.769391391200037,,,,
2023-06-17,30.622018500217845,8.866884791741493,,,,
2023-06-18,30.48347521144867,8.366884791741493,,,,
2023-06-18,31.415721854199457,10.043065941799956,,,,
2023-06-19,30.46604537848841,7.866884791741493,,,,
2023-06-19,31.4286088843255,10.3185814967036,,,,
2023-06-20,31.333126436337817,10.580456701894718,,,,
2023-06-20,30.60838594285657,8.025225640721002,,,,
2023-06-21,30.622516158248366,8.185585091899341,,,,
2023-06-21,31.375822239977943,10.848431307605852,,,,
2023-06-22,30.54088967797632,8.33428361732453,,,,
2023-06-22,31.31945314596065,11.108353185600231,,,,
2023-06-23,30.623340058184866,8.494760768493796,,,,
2023-06-23,31.50904191379053,11.395359173284596,,,,
2023-06-24,31.635023646474355,11.70036255135236,,,,
2023-06-24,30.36546494575698,7.994760768493796,,,,
2023-06-25,30.588049936179083,8.150196473662236,,,,
2023-06-25,31.22640315333663,11.946991573257591,,,,
2023-06-26,31.03100888909558,12.165707128842676,,,,
2023-06-26,30.47063557090673,7.650196473662236,,,,
2023-06-27,30.54180739286977,7.79902610121506,,,,
2023-06-27,31.105741546848392,12.395098778392446,,,,
2023-06-28,31.39391824959809,12.665658528335031,,,,
2023-06-28,30.556906205019608,7.950012701932147,,,,
2023-06-29,30.50520093496988,8.093612835499274,,,,
2023-06-29,31.25558064673888,12.916455763583444,,,,
2023-06-30,30.85721092954864,13.110343039233248,,,,
2023-06-30,30.461990160996105,7.593612835499274,,,,
2023-07-01,30.588880122398624,7.749167138699077,,,,
2023-07-01,31.193643932184123,13.352292172402407,,,,
2023-07-02,30.52056106068784,7.894961575940197,,,,
2023-07-02,31.268687501529342,13.60496181547803,,,,
2023-07-03,31.14704955164375,13.840254608569994,,,,
2023-07-03,30.595713029823287,8.051492008772096,,,,
2023-07-04,30.31104529215132,7.551492008772096,,,,
2023-07-04,31.63568509528957,14.145352479325648,,,,
2023-07-05,30.972961887624976,14.355775606129216,0.093,0.1042,0.0947,0.0836
2023-07-05,30.40164948631335,7.051492008772096,0.093,0.1042,0.0947,0.0836
2023-07-06,30.85427145902639,14.5492429574187,,,,
2023-07-06,30.684096838015627,7.220648699917185,,,,
2023-07-07,30.61037828953193,7.379274169850318,,,,
2023-07-07,31.04335972429369,14.769722918032086,,,,
2023-07-08,30.55498295156581,7.529986020074006,,,,
2023-07-08,31.1828511195776,15.010130220828886,,,,
2023-07-09,31.030809398124752,15.22881727770385,,,,
2023-07-09,30.589723298874016,7.685660777056008,,,,
2023-07-10,31.15834232309963,15.46572332386094,,,,
2023-07-10,30.55353978312749,7.836166460359935,,,,
2023-07-11,30.864306223746105,15.660624212967528,,,,
2023-07-11,30.35487692661604,7.336166460359935,,,,
2023-07-12,30.92974841798652,15.8648739869656,,,,
2023-07-12,30.517613346797106,7.481539795616665,,,,
2023-07-13,31.21870375730104,16.11040309515146,,,,
2023-07-13,30.675271092080905,7.649435665913937,,,,
2023-07-14,30.62638513936133,16.271315257917365,,,,
2023-07-14,30.57308386799568,7.802733361341891,,,,
2023-07-15,30.588120667111426,7.958179170929238,,,,
2023-07-15,30.69115157999824,16.441479769345683,,,,
2023-07-16,30.32447376155677,7.458179170929238,,,,
2023-07-16,30.819846481761985,16.63002926674025,,,,
2023-07-17,30.78080521132435,16.813001439786586,,,,
2023-07-17,30.500465929603727,7.601102875158342,,,,
2023-07-18,30.485823253955218,7.101102875158342,,,,
2023-07-18,30.63969091679217,16.975814427899753,,,,
2023-07-19,30.39940229992543,6.601102875158342,,,,
2023-07-19,30.235503114671303,16.475814427899753,,,,
2023-07-20,30.54598092904405,6.750528722164635,,,,
2023-07-20,30.74371694158861,16.653488276698127,,,,
2023-07-21,30.75502605959523,16.83277771378316,,,,
2023-07-21,30.52735546331668,6.897293788352732,,,,
2023-07-22,30.559710300896644,7.0486809741951095,,,,
2023-07-22,30.577180114209824,16.986660587241705,,,,
2023-07-23,30.440189097591897,6.5486809741951095,,,,
2023-07-23,30.86202704687263,17.181235879652082,,,,
2023-07-24,30.45917511576324,6.0486809741951095,,,,
2023-07-24,30.72929662656335,17.356849683446846,,,,
2023-07-25,30.423211071119336,5.5486809741951095,,,,
2023-07-25,30.53458035320247,17.504646876761484,,,,
2023-07-26,30.466200954724748,5.0486809741951095,,,,
2023-07-26,30.85844802306334,17.698710880056247,,,,
2023-07-27,30.73064844101089,17.87451780020066,,,,
2023-07-27,30.35656674144718,4.5486809741951095,,,,
2023-07-28,30.3175823677178,4.0486809741951095,,,,
2023-07-28,30.77513182293806,18.05667948919181,,,,
2023-07-29,30.714723045111672,18.2302113527792,,,,
2023-07-29,30.447415371221386,3.548680974195109,,,,
2023-07-30,30.37641674349516,17.730211352779193,,,,
2023-07-30,30.27666527828737,3.048680974195109,,,,
2023-07-31,30.883298485974787,17.92782542220416,,,,
2023-07-31,30.483899630413003,2.548680974195109,,,,
2023-08-01,30.57544214426428,18.08146001424192,,,,
2023-08-01,30.220281840523235,2.048680974195109,,,,
2023-08-02,30.48946874634718,17.581460014241916,,,,
2023-08-02,30.31586571094762,1.5486809741951095,,,,
2023-08-03,30.35106333265767,1.0486809741951095,,,,
2023-08-03,30.403238373989016,17.081460014241916,,,,
2023-08-04,30.38417173401337,0.5486809741951095,,,,
2023-08-04,30.404732445131653,16.581460014241916,,,,
2023-08-05,30.290850568134086,16.081460014241916,,,,
2023-08-05,30.27901696319132,0.0486809741951095,,,,
2023-08-06,30.53455719593892,16.229253899376047,,,,
2023-08-06,30.0794165413295,0.0,,,,
2023-08-07,30.20329875107956,0.0,,,,
2023-08-07,30.28673270532675,15.729253899376047,,,,
2023-08-08,30.21612864219738,0.0,,,,
2023-08-08,30.25220806678225,15.229253899376047,,,,
2023-08-09,30.25250699755087,0.0,,,,
2023-08-09,30.362256292509542,14.729253899376047,,,,
2023-08-10,30.30279527917148,0.0,,,,
2023-08-10,30.410479645582136,14.229253899376047,,,,
2023-08-11,30.11568403672892,13.729253899376047,,,,
2023-08-11,30.433671026367705,0.0,,,,
2023-08-12,30.336502715915884,13.229253899376047,,,,
2023-08-12,30.05333288464689,0.0,,,,
2023-08-13,30.18097387865532,0.0,,,,
2023-08-13,30.354148786019,12.729253899376047,,,,
2023-08-14,30.54883913516767,12.879088061542856,0.1366,0.131,0.105,0.1058
2023-08-14,30.21045410038701,0.0,0.1366,0.131,0.105,0.1058
2023-08-15,30.25674333898389,0.0,,,,
2023-08-15,30.39079124663421,12.379088061542856,,,,
2023-08-16,30.23650077791227,0.0,,,,
2023-08-16,30.26266824648681,11.879088061542856,,,,
2023-08-17,30.394988838297635,11.379088061542856,,,,
2023-08-17,30.3687123520914,0.0,,,,
2023-08-18,30.168011692273605,10.879088061542856,,,,
2023-08-18,30.14260022605034,0.0,,,,
2023-08-19,30.21785653915578,10.379088061542856,0.124,0.123,0.1192,0.0982
2023-08-19,30.21785653915578,10.379088061542856,0.1332,0.1276,0.1228,0.095
2023-08-19,30.18589599491117,0.0,0.124,0.123,0.1192,0.0982
2023-08-19,30.18589599491117,0.0,0.1332,0.1276,0.1228,0.095
2023-08-20,30.152056881862872,0.0,,,,
2023-08-20,30.37076524858609,9.879088061542856,,,,
2023-08-21,30.227408390141463,9.379088061542856,,,,
2023-08-21,30.12159786454786,0.0,,,,
2023-08-22,30.07011406000241,0.0,,,,
2023-08-22,30.24812892165708,8.879088061542857,,,,
2023-08-23,30.109212512554382,8.379088061542857,,,,
2023-08-23,30.12831961368311,0.0,,,,
2023-08-24,30.31224217483895,7.879088061542857,,,,
2023-08-24,30.0718217542103,0.0,,,,
2023-08-25,29.77952164181676,0.0,,,,
2023-08-25,30.0109154009086,7.379088061542857,,,,
2023-08-26,30.4230025909176,6.879088061542857,,,,
2023-08-26,30.04110174457124,0.0,,,,
2023-08-27,30.1363424475574,6.379088061542857,,,,
2023-08-27,29.99903390582632,0.0,,,,
2023-08-28,29.98428719505411,0.0,,,,
2023-08-28,30.01759501602619,5.879088061542857,,,,
2023-08-29,29.899449597491103,5.379088061542857,,,,
2023-08-29,30.131992924679185,0.0,,,,
2023-08-30,29.883631445665685,4.879088061542857,,,,
2023-08-30,30.08423985129508,0.0,,,,
2023-08-31,29.971718232733235,4.379088061542857,,,,
2023-08-31,30.12006623527289,0.0,,,,
2023-09-01,29.878126241181366,3.879088061542857,,,,
2023-09-01,29.972226320710348,0.0,,,,
2023-09-02,29.9430354418648,3.3790880615428573,,,,
2023-09-02,29.823913737525096,0.0,,,,
2023-09-03,29.8419477173052,0.0,,,,
2023-09-03,29.80322461019005,2.8790880615428573,,,,
2023-09-04,29.73451111487857,0.0,,,,
2023-09-04,29.826048461168515,2.3790880615428573,,,,
2023-09-05,29.74053907994268,0.0,,,,
2023-09-05,30.103480342324428,1.879088061542857,,,,
2023-09-06,29.74977236287152,0.0,,,,
2023-09-06,29.735573932190203,1.3790880615428571,,,,
2023-09-07,29.90961990182221,0.8790880615428573,,,,
2023-09-07,29.790195746348367,0.0,,,,
2023-09-08,29.67518037925161,0.3790880615428573,,,,
2023-09-08,29.68212669749649,0.0,,,,
2023-09-09,29.76726047563,0.0,,,,
2023-09-09,29.831458439030985,0.0,,,,
2023-09-10,29.58361813863353,0.0,,,,
2023-09-10,29.613613965866566,0.0,,,,
2023-09-11,29.598593573724205,0.0,,,,
2023-09-11,29.819428030262383,0.0,,,,
2023-09-12,29.651274402264256,0.0,,,,
2023-09-12,29.876373661479946,0.0,,,,
2023-09-13,29.58501143964655,0.0,0.1318,0.1278,0.1008,0.0896
2023-09-13,29.82217418587232,0.0,0.1318,0.1278,0.1008,0.0896
2023-09-14,29.606539001985656,0.0,,,,
2023-09-14,29.62726375299056,0.0,,,,
2023-09-15,29.50088563375152,0.0,,,,
2023-09-15,29.70066139212597,0.0,,,,
2023-09-16,29.67433644395435,0.0,,,,
2023-09-16,29.603741765196617,0.0,,,,
2023-09-17,29.65315512046211,0.0,,,,
2023-09-17,29.60467025410432,0.0,,,,
2023-09-18,29.57997448176726,0.0,,,,
2023-09-18,29.722689053446768,0.0,,,,
2023-09-19,29.652167468705706,0.0,,,,
2023-09-19,29.611343294798697,0.0,,,,
2023-09-20,29.626833560377715,0.0,,,,
2023-09-20,29.861556873935147,0.0,,,,
2023-09-21,29.46870479974784,0.0,,,,
2023-09-21,29.60485865938963,0.0,,,,
2023-09-22,29.54675724374028,0.0,,,,
2023-09-22,29.540774280433816,0.0,,,,
2023-09-23,29.19172869524949,0.0,,,,
2023-09-23,29.387045996245128,0.0,,,,
2023-09-24,29.335979431437227,0.0,,,,
2023-09-24,29.23527352921969,0.0,,,,
2023-09-25,29.402442367962493,0.0,,,,
2023-09-25,29.62014285198916,0.0,,,,
2023-09-26,29.334244560556623,0.0,,,,
2023-09-26,29.48352254008085,0.0,,,,
2023-09-27,29.282056388991343,0.0,,,,
2023-09-27,29.167975802512093,0.0,,,,
2023-09-28,29.213829896888093,0.0,,,,
2023-09-28,29.318330389153303,0.0,,,,
2023-09-29,29.05339536320788,0.0,,,,
2023-09-29,29.34385491752176,0.0,,,,
2023-09-30,29.00407391086301,0.0,,,,
2023-09-30,29.141576082847703,0.0,,,,
2023-10-01,29.046829661675066,0.0,,,,
2023-10-01,29.246908985923422,0.0,,,,
2023-10-02,29.23990915239376,0.0,,,,
2023-10-02,29.38175857081912,0.0,,,,
2023-10-03,29.34358642017844,0.0,,,,
2023-10-03,29.19138369942519,0.0,,,,
2023-10-04,29.282116983070487,0.0,,,,
2023-10-04,29.012491996345712,0.0,,,,
2023-10-05,29.031589822786792,0.0,,,,
2023-10-05,29.115999366720903,0.0,,,,
2023-10-06,29.029871839507177,0.0,,,,
2023-10-06,29.158227987915105,0.0,,,,
2023-10-07,29.113610154431,0.0,,,,
2023-10-07,28.9362186683656,0.0,,,,
2023-10-08,29.008310454782524,0.0,,,,
2023-10-08,28.64328079271195,0.0,,,,
2023-10-09,28.89865051285525,0.0,,,,
2023-10-09,29.169108730633,0.0,,,,
2023-10-10,29.1028070021058,0.0,,,,
2023-10-10,28.97451562584913,0.0,,,,
2023-10-11,29.11597422433926,0.0,,,,
2023-10-11,28.9899868480406,0.0,,,,
2023-10-12,29.00333728069968,0.0,,,,
2023-10-12,28.95770436047744,0.0,,,,
2023-10-13,28.971193173632585,0.0,0.1924,0.1812,0.1422,0.1416
2023-10-13,29.09740865440397,0.0,0.1924,0.1812,0.1422,0.1416
2023-10-14,28.93335783567773,0.0,,,,
2023-10-14,28.88984040475348,0.0,,,,
2023-10-15,28.88803828117632,0.0,,,,
2023-10-15,28.6225692569254,0.0,,,,
2023-10-16,28.79129175874563,0.0,,,,
2023-10-16,28.902811500422715,0.0,,,,
2023-10-17,28.830829621985583,0.0,,,,
2023-10-17,28.925854035190543,0.0,,,,
2023-10-18,28.89658504269575,0.0,,,,
2023-10-18,28.97868809115642,0.0,,,,
2023-10-19,28.91004904282416,0.0,,,,
2023-10-19,28.75353039049336,0.0,,,,
2023-10-20,28.586748231360307,0.0,,,,
2023-10-20,28.84857268301728,0.0,,,,
2023-10-21,28.509808249554982,0.0,,,,
2023-10-21,28.587753073537865,0.0,,,,
2023-10-22,28.587944809195967,0.0,,,,
2023-10-22,28.61993783893472,0.0,,,,
2023-10-23,28.53977396889971,0.0,,,,
2023-10-23,28.65544645802279,0.0,,,,
2023-10-24,28.64086064235791,0.0,,,,
2023-10-24,28.589312297009776,0.0,,,,
2023-10-25,28.51374368037284,0.0,,,,
2023-10-25,28.558456498235785,0.0,,,,
2023-10-26,28.63295980715362,0.0,,,,
2023-10-26,28.588963167355303,0.0,,,,
2023-10-27,29.051174286612707,0.0,,,,
2023-10-27,28.71032381283645,0.0,,,,
2023-10-28,28.403915346574905,0.0,,,,
2023-10-28,28.310272912841857,0.0,,,,
2023-10-29,28.39540430500734,0.0,,,,
2023-10-29,28.371994323497496,0.0,,,,
2023-10-30,28.60649313604729,0.0,,,,
2023-10-30,28.4107324090384,0.0,,,,
2023-10-31,28.40443137219262,0.0,,,,
2023-10-31,28.489199229953623,0.0,,,,
2023-11-01,28.60101239105796,0.0,,,,
2023-11-01,28.468464011543706,0.0,,,,
2023-11-02,28.718104883937126,0.0,,,,
2023-11-02,28.54179946306061,0.0,,,,
2023-11-03,28.46128147831536,0.0,,,,
2023-11-03,28.178148375295123,0.0,,,,
2023-11-04,28.545466507491945,0.0,,,,
2023-11-04,28.19934502515849,0.0,,,,
2023-11-05,28.12259649226762,0.0,,,,
2023-11-05,28.40590801850368,0.0,,,,
2023-11-06,28.128105301719906,0.0,,,,
2023-11-06,28.176326860147025,0.0,,,,
2023-11-07,28.36274166721205,0.0,,,,
2023-11-07,28.263690726705505,0.0,,,,
2023-11-08,28.078777805595468,0.0,,,,
2023-11-08,28.320327805950445,0.0,,,,
2023-11-09,28.44848786921788,0.0,,,,
2023-11-09,28.18747377699943,0.0,,,,
2023-11-10,28.218768758926657,0.0,,,,
2023-11-10,28.30918183665229,0.0,,,,
2023-11-11,28.138316336100253,0.0,,,,
2023-11-11,28.1609628440231,0.0,,,,
2023-11-12,28.12531370746997,0.0,,,,
2023-11-12,28.125220830235,0.0,,,,
2023-11-13,28.07745605763575,0.0,,,,
2023-11-13,28.36190425186658,0.0,,,,
2023-11-14,28.01543573913434,0.0,,,,
2023-11-14,28.05055452803854,0.0,,,,
2023-11-15,28.194570243736752,0.0,,,,
2023-11-15,28.261483262948776,0.0,,,,
2023-11-16,27.962557290666613,0.0,,,,
2023-11-16,28.02631234737075,0.0,,,,
2023-11-17,28.28451402476073,0.0,0.3344,0.3264,0.2994,0.3252
2023-11-17,28.365697027760824,0.0,0.3344,0.3264,0.2994,0.3252
2023-11-18,28.20951822919925,0.0,,,,
2023-11-18,27.97310514901043,0.0,,,,
2023-11-19,28.054253731508364,0.0,,,,
2023-11-19,27.91150669115328,0.0,,,,
2023-11-20,27.929330532106604,0.0,,,,
2023-11-20,28.21546309805857,0.0,,,,
2023-11-21,27.852647441884468,0.0,,,,
2023-11-21,28.05286261788892,0.0,,,,
2023-11-22,27.92157129831885,0.0,0.0393,0.034,0.0081,0.0047
2023-11-22,27.92157129831885,0.0,0.0429,0.0368,0.011,0.0066
2023-11-22,27.95496192398466,0.0,0.0393,0.034,0.0081,0.0047
2023-11-22,27.95496192398466,0.0,0.0429,0.0368,0.011,0.0066
2023-11-23,27.94933337162816,0.0,,,,
2023-11-23,27.92980070689122,0.0,,,,
2023-11-24,28.03477972055601,0.0,,,,
2023-11-24,28.023037023825264,0.0,,,,
2023-11-25,27.991358299633514,0.0,,,,
2023-11-25,28.02202368206645,0.0,,,,
2023-11-26,27.837299059890977,0.0,,,,
2023-11-26,27.83055147817884,0.0,,,,
2023-11-27,28.069030772276104,0.0,,,,
2023-11-27,27.8166550593164,0.0,,,,
2023-11-28,27.89035478649594,0.0,,,,
2023-11-28,27.87646865475167,0.0,,,,
2023-11-29,27.788694027526493,0.0,,,,
2023-11-29,27.766492992376165,0.0,,,,
2023-11-30,28.05129153439505,0.0,,,,
2023-11-30,27.848988098881225,0.0,,,,
2023-12-01,27.918676076631925,0.0,,,,
2023-12-01,27.799382248663708,0.0,,,,
2023-12-02,27.906328048555743,0.0,,,,
2023-12-02,27.740001818710123,0.0,,,,
2023-12-03,27.83443976398503,0.0,,,,
2023-12-03,27.791456869721912,0.0,,,,
2023-12-04,27.65931582420945,0.0,,,,
2023-12-04,27.86152081564914,0.0,,,,
2023-12-05,27.49310580962956,0.0,,,,
2023-12-05,27.73681317540756,0.0,,,,
2023-12-06,27.99787045323158,0.0,,,,
2023-12-06,27.64588349099376,0.0,,,,
2023-12-07,27.82359224284913,0.0,,,,
2023-12-07,27.776237826888188,0.0,,,,
2023-12-08,27.745194390483967,0.0,,,,
2023-12-08,27.839371371968767,0.0,,,,
2023-12-09,27.81751172355355,0.0,,,,
2023-12-09,27.617148486473383,0.0,,,,
2023-12-10,27.574456795866524,0.0,,,,
2023-12-10,27.71792501622579,0.0,,,,
2023-12-11,27.487505644835952,0.0,,,,
2023-12-11,27.83112377743148,0.0,,,,
2023-12-12,27.579236062161826,0.0,0.0409,0.0275,0.0123,0.0109
2023-12-12,27.56021933704115,0.0,0.0409,0.0275,0.0123,0.0109
2023-12-13,27.76962563780481,0.0,,,,
2023-12-13,27.58201601504652,0.0,,,,
2023-12-14,27.683949625985168,0.0,,,,
2023-12-14,27.7526116846296,0.0,,,,
2023-12-15,27.49145967863494,0.0,,,,
2023-12-15,27.582890889795426,0.0,,,,
2023-12-16,27.46353216968763,0.0,,,,
2023-12-16,27.887824601055176,0.0,,,,
2023-12-17,27.56537292959824,0.0,0.0445,0.0344,0.0115,0.0077
2023-12-17,27.56537292959824,0.0,0.0478,0.0372,0.0141,0.0097
2023-12-17,27.62334751579318,0.0,0.0445,0.0344,0.0115,0.0077
2023-12-17,27.62334751579318,0.0,0.0478,0.0372,0.0141,0.0097
2023-12-18,27.442596891592,0.0,,,,
2023-12-18,27.52112036336765,0.0,,,,
2023-12-19,27.824982822608806,0.0,,,,
2023-12-19,27.484592023333686,0.0,,,,
2023-12-20,27.662414309739766,0.0,,,,
2023-12-20,27.60294948220859,0.0,,,,
2023-12-21,27.528093537197783,0.0,,,,
2023-12-21,27.61592524280749,0.0,,,,
2023-12-22,27.55938911936894,0.0,0.0657,0.067,0.0345,0.0262
2023-12-22,27.55938911936894,0.0,0.0634,0.0657,0.0336,0.0256
2023-12-22,27.567938995267934,0.0,0.0657,0.067,0.0345,0.0262
2023-12-22,27.567938995267934,0.0,0.0634,0.0657,0.0336,0.0256
2023-12-23,27.53366204400468,0.0,,,,
2023-12-23,27.40806695385508,0.0,,,,
2023-12-24,27.793369688791884,0.0,,,,
2023-12-24,27.66727158570712,0.0,,,,
2023-12-25,27.534341134305333,0.0,,,,
2023-12-25,27.693596499133854,0.0,,,,
2023-12-26,27.47890271724772,0.0,,,,
2023-12-26,27.668113123640182,0.0,,,,
2023-12-27,27.64036165922189,0.0,0.0555,0.0407,0.013,0.0087
2023-12-27,27.68063421305292,0.0,0.0555,0.0407,0.013,0.0087
2023-12-28,27.69402727974468,0.0,,,,
2023-12-28,27.539781937339367,0.0,,,,
2023-12-29,27.40201092520163,0.0,,,,
2023-12-29,27.56694705127412,0.0,,,,
2023-12-30,27.54175692452882,0.0,,,,
2023-12-30,27.450524794426823,0.0,,,,
2023-12-31,27.29601859202453,0.0,,,,
2023-12-31,27.626236870179,0.0,,,,
2024-01-01,27.627793459587885,0.0,0.0423,0.0314,0.0143,0.0101
2024-01-01,27.627793459587885,0.0,0.0434,0.0324,0.0157,0.0113
2024-01-01,27.716285034762592,0.0,0.0423,0.0314,0.0143,0.0101
2024-01-01,27.716285034762592,0.0,0.0434,0.0324,0.0157,0.0113
2024-01-02,27.893901349754582,0.0,,,,
2024-01-02,27.629350048996766,0.0,,,,
2024-01-03,27.889331323033485,0.0,,,,
2024-01-03,27.63090663840565,0.0,,,,
2024-01-04,27.649983527008413,0.0,,,,
2024-01-04,27.632463227814533,0.0,,,,
2024-01-05,27.79944271514726,0.0,,,,
2024-01-05,27.63401981722341,0.0,,,,
2024-01-06,27.6355764066323,0.0,0.117,0.0834,0.0506,0.0436
2024-01-06,27.62128415457058,0.0,0.117,0.0834,0.0506,0.0436
2024-01-07,27.89946240068946,0.0,,,,
2024-01-07,27.637132996041185,0.0,,,,
2024-01-08,27.933304180542347,0.0,,,,
2024-01-08,27.63868958545007,0.0,,,,
2024-01-09,27.64024617485895,0.0,,,,
2024-01-09,27.55612185351962,0.0,,,,
2024-01-10,27.74833746015246,0.0,,,,
2024-01-10,27.64180276426784,0.0,,,,
2024-01-11,27.64335935367672,0.0,,,,
2024-01-11,27.663381922159616,0.0,,,,
2024-01-12,27.9938371167794,0.0,,,,
2024-01-12,27.644915943085604,0.0,,,,
2024-01-13,28.01581602573994,0.0,,,,
2024-01-13,27.64647253249449,0.0,,,,
2024-01-14,28.058635776295723,0.0,,,,
2024-01-14,27.64802912190337,0.0,,,,
2024-01-15,27.64958571131225,0.0,,,,
2024-01-15,27.75079455342769,0.0,,,,
2024-01-16,27.651142300721137,0.0,0.0734,0.0545,0.023,0.0034
2024-01-16,27.72598490354489,0.0,0.0734,0.0545,0.023,0.0034
2024-01-17,27.652698890130026,0.0,,,,
2024-01-17,27.7718939588922,0.0,,,,
2024-01-18,27.654255479538904,0.0,,,,
2024-01-18,27.805286663782965,0.0,,,,
2024-01-19,27.65581206894779,0.0,,,,
2024-01-19,27.97231708239825,0.0,,,,
2024-01-20,27.65736865835668,0.0,,,,
2024-01-20,27.801132267859,0.0,,,,
2024-01-21,27.65892524776556,0.0,0.1032,0.0921,0.0622,0.0568
2024-01-21,28.16338279537984,0.0,0.1032,0.0921,0.0622,0.0568
2024-01-22,28.33272056462621,0.0,,,,
2024-01-22,27.66048183717444,0.0,,,,
2024-01-23,28.17946054352412,0.0,,,,
2024-01-23,27.66203842658332,0.0,,,,
2024-01-24,27.922325598975483,0.0,,,,
2024-01-24,27.663595015992207,0.0,,,,
2024-01-25,27.66515160540109,0.0,,,,
2024-01-25,27.97916753993044,0.0,,,,
2024-01-26,27.66670819480997,0.0,,,,
2024-01-26,27.83072909827155,0.0,,,,
2024-01-27,27.816398808762827,0.0,,,,
2024-01-27,27.66826478421886,0.0,,,,
2024-01-28,28.103137463994845,0.0,,,,
2024-01-28,27.66982137362774,0.0,,,,
2024-01-29,27.671377963036623,0.0,,,,
2024-01-29,28.05355201851064,0.0,,,,
2024-01-30,27.672934552445508,0.0,,,,
2024-01-30,27.67633811230584,0.0,,,,
2024-01-31,27.6744911418544,0.0,,,,
2024-01-31,28.10205370996524,0.0,,,,
2024-02-01,28.063771267167063,0.0,,,,
2024-02-01,27.676047731263274,0.0,,,,
2024-02-02,28.1032244286066,0.0,,,,
2024-02-02,27.67760432067216,0.0,,,,
2024-02-03,27.91317989893244,0.0,,,,
2024-02-03,27.679160910081045,0.0,,,,
2024-02-04,27.680717499489926,0.0,,,,
2024-02-04,28.202348894517595,0.0,,,,
2024-02-05,27.68227408889881,0.0,0.0588,0.0528,0.026,0.0184
2024-02-05,27.68227408889881,0.0,0.06,0.0538,0.0272,0.0195
2024-02-05,28.12476529158445,0.0,0.0588,0.0528,0.026,0.0184
2024-02-05,28.12476529158445,0.0,0.06,0.0538,0.0272,0.0195
2024-02-06,28.18096703842325,0.0,,,,
2024-02-06,27.683830678307693,0.0,,,,
2024-02-07,28.32973547010584,0.0,,,,
2024-02-07,27.68538726771657,0.0,,,,
2024-02-08,27.686943857125463,0.0,,,,
2024-02-08,28.38949575150786,0.0,,,,
2024-02-09,28.12697377552249,0.0,,,,
2024-02-09,27.688500446534345,0.0,,,,
2024-02-10,27.69005703594323,0.0,,,,
2024-02-10,28.12997318779708,0.0,,,,
2024-02-11,27.69161362535211,0.0,,,,
2024-02-11,28.44214684167593,0.0,,,,
2024-02-12,28.03064830979305,0.0,,,,
2024-02-12,27.693170214761,0.0,,,,
2024-02-13,27.69472680416988,0.0,,,,
2024-02-13,28.40147925724655,0.0,,,,
2024-02-14,27.696283393578764,0.0,,,,
2024-02-14,28.333665939578843,0.0,,,,
2024-02-15,27.69783998298765,0.0,0.0341,0.0306,0.0142,0.008
2024-02-15,27.69783998298765,0.0,0.0628,0.0536,0.0335,0.022
2024-02-15,28.50842822159637,0.0,0.0341,0.0306,0.0142,0.008
2024-02-15,28.50842822159637,0.0,0.0628,0.0536,0.0335,0.022
2024-02-16,27.69939657239653,0.0,,,,
2024-02-16,28.37269126796936,0.0,,,,
2024-02-17,27.70095316180541,0.0,,,,
2024-02-17,28.638712761649234,0.0,,,,
2024-02-18,27.702509751214297,0.0,,,,
2024-02-18,28.353134054323043,0.0,,,,
2024-02-19,27.704066340623186,0.0,,,,
2024-02-19,28.35942746607332,0.0,,,,
2024-02-20,27.705622930032064,0.0,0.0922,0.0822,0.0564,0.0574
2024-02-20,28.53677555368458,0.0,0.0922,0.0822,0.0564,0.0574
2024-02-21,28.34153975182136,0.0,,,,
2024-02-21,27.70717951944095,0.0,,,,
2024-02-22,28.46752021484765,0.0,,,,
2024-02-22,27.70873610884984,0.0,,,,
2024-02-23,28.62004143333066,0.0,,,,
2024-02-23,27.71029269825872,0.0,,,,
2024-02-24,28.80298469225417,0.0,,,,
2024-02-24,27.7118492876676,0.0,,,,
2024-02-25,27.71340587707648,0.0,,,,
2024-02-25,28.539040399408503,0.0,,,,
2024-02-26,28.908545824608414,0.0,,,,
2024-02-26,27.714962466485368,0.0,,,,
2024-02-27,28.872579335872565,0.0,,,,
2024-02-27,27.716519055894253,0.0,,,,
2024-02-28,27.71807564530313,0.0,,,,
2024-02-28,28.76433379676225,0.0,,,,
2024-02-29,27.71963223471202,0.0,,,,
2024-02-29,28.737527725825373,0.0,,,,
2024-03-01,27.7211888241209,0.0,0.118,0.1054,0.0667,0.0446
2024-03-01,28.546328622565568,0.0,0.118,0.1054,0.0667,0.0446
2024-03-02,27.722745413529783,0.0,,,,
2024-03-02,28.78658027058412,0.0,,,,
2024-03-03,27.724302002938668,0.0,,,,
2024-03-03,28.777424087315826,0.0,,,,
2024-03-04,27.72585859234756,0.0,,,,
2024-03-04,29.10726026565653,0.0,,,,
2024-03-05,27.72741518175644,0.0,,,,
2024-03-05,29.13568154433035,0.0,,,,
2024-03-06,27.72897177116532,0.0,,,,
2024-03-06,29.130219523376912,0.0,,,,
2024-03-07,27.730528360574205,0.0,,,,
2024-03-07,29.3435075751396,0.0,,,,
2024-03-08,28.95056507584393,0.0,,,,
2024-03-08,27.732084949983086,0.0,,,,
2024-03-09,27.73364153939197,0.0,,,,
2024-03-09,28.894966931478205,0.0,,,,
2024-03-10,27.735198128800853,0.0,,,,
2024-03-10,29.31565032373529,0.0,,,,
2024-03-11,27.73675471820974,0.0,,,,
2024-03-11,29.38200298238707,0.0,,,,
2024-03-12,29.15858228766113,0.0,,,,
2024-03-12,27.738311307618623,0.0,,,,
2024-03-13,29.535632379474805,0.0,,,,
2024-03-13,27.739867897027505,0.0,,,,
2024-03-14,27.74142448643639,0.0,,,,
2024-03-14,29.29334507440945,0.0,,,,
2024-03-15,29.29478400929708,0.0,,,,
2024-03-15,27.74298107584527,0.0,,,,
2024-03-16,29.690376081934733,0.0,,,,
2024-03-16,27.74453766525416,0.0,,,,
2024-03-17,29.68783404617546,0.0,,,,
2024-03-17,27.74609425466304,0.0,,,,
2024-03-18,29.48483978262696,0.0,,,,
2024-03-18,27.747650844071924,0.0,,,,
2024-03-19,29.457059795132075,0.0,,,,
2024-03-19,27.74920743348081,0.0,,,,
2024-03-20,29.746706945611525,0.0,,,,
2024-03-20,27.75076402288969,0.0,,,,
2024-03-21,29.835921578555777,0.0,,,,
2024-03-21,27.75232061229857,0.0,,,,
2024-03-22,29.34216907112552,0.0,,,,
2024-03-22,27.753877201707457,0.0,,,,
2024-03-23,29.930652138758823,0.0,,,,
2024-03-23,27.755433791116342,0.0,,,,
2024-03-24,29.87727668709154,0.0,,,,
2024-03-24,27.756990380525227,0.0,,,,
2024-03-25,30.072514693705845,0.0,,,,
2024-03-25,27.75854696993411,0.0,,,,
2024-03-26,27.760103559343,0.0,0.0911,0.0865,0.0982,0.0808
2024-03-26,30.06288212919005,0.0,0.0911,0.0865,0.0982,0.0808
2024-03-27,27.76166014875188,0.0,,,,
2024-03-27,29.784124704384023,0.0,,,,
2024-03-28,27.76321673816076,0.0,,,,
2024-03-28,29.82334997400292,0.0,,,,
2024-03-29,30.00972332017599,0.0,,,,
2024-03-29,27.76477332756964,0.0,,,,
2024-03-30,27.766329916978528,0.0,,,,
2024-03-30,30.05288546812636,0.0,,,,
2024-03-31,29.75745003878944,0.0,0.1172,0.1212,0.1004,0.094
2024-03-31,27.767886506387413,0.0,0.1172,0.1212,0.1004,0.094
2024-04-01,30.10881930202904,0.0,,,,
2024-04-01,27.76944309579629,0.0,,,,
2024-04-02,27.77099968520518,0.0,,,,
2024-04-02,29.97037493258301,0.0,,,,
2024-04-03,30.055575209938947,0.0,,,,
2024-04-03,27.77255627461406,0.0,,,,
2024-04-04,30.05853364699214,0.0,,,,
2024-04-04,27.774112864022943,0.0,,,,
2024-04-05,30.11108582776966,0.0,0.1068,0.1068,0.099,0.1006
2024-04-05,30.11108582776966,0.0,0.1158,0.113,0.1034,0.1022
2024-04-05,27.775669453431828,0.0,0.1068,0.1068,0.099,0.1006
2024-04-05,27.775669453431828,0.0,0.1158,0.113,0.1034,0.1022
2024-04-06,29.952442961781323,0.0,,,,
2024-04-06,27.77722604284072,0.0,,,,
2024-04-07,27.7787826322496,0.0,,,,
2024-04-07,30.155322401318728,0.0,,,,
2024-04-08,27.78033922165848,0.0,,,,
2024-04-08,30.25007602287624,0.0,,,,
2024-04-09,27.781895811067365,0.0,,,,
2024-04-09,30.14780135161128,0.0,,,,
2024-04-10,30.454678340716114,0.0,,,,
2024-04-10,27.783452400476246,0.0,,,,
2024-04-11,27.78500898988513,0.0,,,,
2024-04-11,30.37853739581742,0.0,,,,
2024-04-12,30.50852928217802,0.1440756117397172,,,,
2024-04-12,27.786565579294013,0.0,,,,
2024-04-13,30.328763059191107,0.0,,,,
2024-04-13,27.7881221687029,0.0,,,,
2024-04-14,30.109858355497018,0.0,,,,
2024-04-14,27.789678758111783,0.0,,,,
2024-04-15,30.514788589611115,0.1449697985158735,0.1318,0.1368,0.1114,0.103
2024-04-15,27.791235347520665,0.0,0.1318,0.1368,0.1114,0.103
2024-04-16,30.380251782461507,0.0,,,,
2024-04-16,27.79279193692955,0.0,,,,
2024-04-17,30.441253322171143,0.0,,,,
2024-04-17,27.794348526338432,0.0,,,,
2024-04-18,30.381929742675933,0.0,,,,
2024-04-18,27.79590511574732,0.0,,,,
2024-04-19,27.7974617051562,0.0,,,,
2024-04-19,30.66441837293181,0.1663454818474013,,,,
2024-04-20,30.68730906885861,0.335961063112917,0.1576,0.1652,0.1246,0.1262
2024-04-20,27.799018294565084,0.0,0.1576,0.1652,0.1246,0.1262
2024-04-21,30.436379097998365,0.0,,,,
2024-04-21,27.80057488397397,0.0,,,,
2024-04-22,27.80213147338285,0.0,,,,
2024-04-22,30.329552680214448,0.0,,,,
2024-04-23,27.803688062791736,0.0,,,,
2024-04-23,30.525237962806607,0.1464625661152295,,,,
2024-04-24,27.805244652200617,0.0,,,,
2024-04-24,30.803509576032297,0.3326782198341291,,,,
2024-04-25,30.44211070145964,0.0,0.1328,0.137,0.1192,0.1222
2024-04-25,30.44211070145964,0.0,0.134,0.1398,0.12,0.1228
2024-04-25,27.806801241609502,0.0,0.1328,0.137,0.1192,0.1222
2024-04-25,27.806801241609502,0.0,0.134,0.1398,0.12,0.1228
2024-04-26,27.808357831018387,0.0,,,,
2024-04-26,30.643163680231872,0.1633090971759817,,,,
2024-04-27,30.38033068064972,0.0,,,,
2024-04-27,27.80991442042727,0.0,,,,
2024-04-28,30.29637254683749,0.0,,,,
2024-04-28,27.81147100983616,0.0,,,,
2024-04-29,27.81302759924504,0.0,,,,
2024-04-29,30.545091623260664,0.1492988033229519,,,,
2024-04-30,30.41434135853877,0.0,0.1328,0.1392,0.113,0.1084
2024-04-30,30.41434135853877,0.0,0.1318,0.139,0.1126,0.108
2024-04-30,27.81458418865392,0.0,0.1328,0.1392,0.113,0.1084
2024-04-30,27.81458418865392,0.0,0.1318,0.139,0.1126,0.108
2024-05-01,27.8161407780628,0.0,,,,
2024-05-01,30.493128146605727,0.0,,,,
2024-05-02,27.817697367471688,0.0,,,,
2024-05-02,30.56286172354688,0.1518373890781248,,,,
2024-05-03,30.506331561861963,0.2955990407726909,,,,
2024-05-03,27.819253956880573,0.0,,,,
2024-05-04,30.42157930412516,0.0,,,,
2024-05-04,27.82081054628945,0.0,,,,
2024-05-05,27.82236713569834,0.0,,,,
2024-05-05,30.48085826653345,0.0,,,,
2024-05-06,30.482273869654524,0.0,,,,
2024-05-06,27.82392372510722,0.0,,,,
2024-05-07,30.71642200646862,0.1737745723526598,,,,
2024-05-07,27.825480314516103,0.0,,,,
2024-05-08,30.773943205654472,0.3557664588747273,,,,
2024-05-08,27.82703690392499,0.0,,,,
2024-05-09,30.62629551502236,0.5166658181636349,,,,
2024-05-09,27.82859349333388,0.0,,,,
2024-05-10,27.83015008274276,0.0,,,,
2024-05-10,30.55598092224819,0.6675202356276618,,,,
2024-05-11,27.83170667215164,0.0,,,,
2024-05-11,30.856852155667568,0.8613562578658858,,,,
2024-05-12,27.833263261560525,0.0,,,,
2024-05-12,30.96330769332404,1.0704002140550344,,,,
2024-05-13,30.72229211634242,1.2450133735325228,,,,
2024-05-13,27.834819850969406,0.0,,,,
2024-05-14,27.83637644037829,0.0,,,,
2024-05-14,30.70266199869685,1.4168222304892162,,,,
2024-05-15,27.837933029787177,0.0,0.1288,0.1284,0.1096,0.1076
2024-05-15,30.843541495965543,1.6087567299128656,0.1288,0.1284,0.1096,0.1076
2024-05-16,27.83948961919606,0.0,,,,
2024-05-16,30.755526829170293,1.7881177055086217,,,,
2024-05-17,27.841046208604944,0.0,,,,
2024-05-17,30.692328282976565,1.9584503173624168,,,,
2024-05-18,30.607394723765715,2.1166495636146614,,,,
2024-05-18,27.842602798013825,0.0,,,,
2024-05-19,30.59917834162668,2.2736750409899007,,,,
2024-05-19,27.84415938742271,0.0,,,,
2024-05-20,27.845715976831592,0.0,0.1144,0.1072,0.0874,0.076
2024-05-20,30.919735790186262,2.4764944395879387,0.1144,0.1072,0.0874,0.076
2024-05-21,30.741693814175463,2.653879270184434,,,,
2024-05-21,27.84727256624048,0.0,,,,
2024-05-22,27.84882915564936,0.0,,,,
2024-05-22,30.70239033326861,2.825649317794236,,,,
2024-05-23,31.04727961138251,3.0466892622774515,,,,
2024-05-23,27.850385745058244,0.0,,,,
2024-05-24,27.85194233446713,0.0,,,,
2024-05-24,31.008286035872835,3.2621586959735707,,,,
2024-05-25,30.61060276318172,3.42081623357096,,,,
2024-05-25,27.85349892387601,0.0,,,,
2024-05-26,27.855055513284896,0.0,,,,
2024-05-26,30.507816881850545,3.564790073835322,,,,
2024-05-27,30.7890300750868,3.748937227419151,,,,
2024-05-27,27.856612102693777,0.0,,,,
2024-05-28,30.9103291685223,3.950412822922337,,,,
2024-05-28,27.858168692102662,0.0,,,,
2024-05-29,27.859725281511547,0.0,,,,
2024-05-29,30.745050970502778,4.128277247279876,,,,
2024-05-30,27.86128187092043,0.0,0.1066,0.1002,0.0847,0.083
2024-05-30,30.76827266006416,4.30945905586047,0.1066,0.1002,0.0847,0.083
2024-05-31,27.86283846032932,0.0,,,,
2024-05-31,30.525410675902688,4.45594629527514,,,,
2024-06-01,30.91264727260709,4.657753048504725,,,,
2024-06-01,27.8643950497382,0.0,,,,
2024-06-02,30.64533354669396,4.821372126603862,,,,
2024-06-02,27.86595163914708,0.0,,,,
2024-06-03,27.86750822855597,0.0,,,,
2024-06-03,30.844381813756005,5.013426671426148,,,,
2024-06-04,27.869064817964848,0.0,,,,
2024-06-04,30.86152897416549,5.207930810592647,,,,
2024-06-05,30.92088920790188,5.410914983150059,,,,
2024-06-05,27.870621407373733,0.0,,,,
2024-06-06,27.87217799678261,0.0,,,,
2024-06-06,31.410618790150284,5.6838605246001,,,,
2024-06-07,27.8737345861915,0.0,,,,
2024-06-07,30.64544054618756,5.84749488834118,,,,
2024-06-08,30.7578727727492,6.027190998733922,,,,
2024-06-08,27.87529117560038,0.0,,,,
2024-06-09,30.886980437930884,6.225331061295477,,,,
2024-06-09,27.876847765009263,0.0,,,,
2024-06-10,30.81566518630725,6.4132832307679415,,,,
2024-06-10,27.87840435441815,0.0,,,,
2024-06-11,30.58677115284797,6.568536252603366,,,,
2024-06-11,27.87996094382704,0.0,,,,
2024-06-12,30.61923441473266,6.72842688327946,,,,
2024-06-12,27.88151753323592,0.0,,,,
2024-06-13,30.473791135363687,6.22842688327946,,,,
2024-06-13,27.8830741226448,0.0,,,,
2024-06-14,27.884630712053685,0.0,,,,
2024-06-14,31.09887092402389,6.456837015282874,,,,
2024-06-15,27.886187301462567,0.0,,,,
2024-06-15,30.711458545459383,6.629902521777072,,,,
2024-06-16,27.88774389087145,0.0,,,,
2024-06-16,30.897386280503035,6.829529133277505,,,,
2024-06-17,30.427108613100003,6.329529133277505,,,,
2024-06-17,27.889300480280337,0.0,,,,
2024-06-18,30.94076462716902,6.535352651444509,,,,
2024-06-18,27.89085706968922,0.0,,,,
2024-06-19,30.84478357606284,6.727464590882057,,,,
2024-06-19,27.892413659098104,0.0,,,,
2024-06-20,30.65984203758204,6.893156310536635,,,,
2024-06-20,27.893970248506985,0.0,,,,
2024-06-21,30.63955951313179,7.055950526698319,,,,
2024-06-21,27.89552683791587,0.0,,,,
2024-06-22,30.8983058885471,7.255708510776476,,,,
2024-06-22,27.897083427324755,0.0,,,,
2024-06-23,27.89864001673364,0.0,,,,
2024-06-23,30.559240073766297,7.407028521314518,,,,
2024-06-24,31.059940337033133,7.62987714089068,,,,
2024-06-24,27.90019660614252,0.0,,,,
2024-06-25,31.012572480100527,7.845958923762184,,,,
2024-06-25,27.901753195551404,0.0,,,,
2024-06-26,27.90330978496029,0.0,,,,
2024-06-26,31.048647589680392,8.067194293716526,,,,
2024-06-27,30.56443932385753,8.219257054267603,,,,
2024-06-27,27.90486637436917,0.0,,,,
2024-06-28,30.994471710827483,8.432753012957242,,,,
2024-06-28,27.906422963778056,0.0,,,,
2024-06-29,27.90797955318694,0.0,,,,
2024-06-29,30.80065789927933,8.61856128428286,,,,
2024-06-30,30.938136110275565,8.824009300036511,,,,
2024-06-30,27.909536142595822,0.0,,,,
2024-07-01,27.911092732004708,0.0,,,,
2024-07-01,30.772339533615938,9.005772090553075,,,,
2024-07-02,27.91264932141359,0.0,,,,
2024-07-02,30.60447438148786,9.16355414505134,,,,
2024-07-03,30.859246039925008,9.357732150754911,,,,
2024-07-03,27.914205910822474,0.0,,,,
2024-07-04,27.91576250023136,0.0,,,,
2024-07-04,30.637475025756974,9.52022858300591,,,,
2024-07-05,30.71763592273498,9.69417657196805,,,,
2024-07-05,27.91731908964024,0.0,,,,
2024-07-06,27.91887567904913,0.0,,,,
2024-07-06,30.835080868104445,9.884902410268683,,,,
2024-07-07,30.536992264564784,10.033044162349368,,,,
2024-07-07,27.920432268458008,0.0,,,,
2024-07-08,30.917833931134545,10.23559186679716,,,,
2024-07-08,27.921988857866893,0.0,,,,
2024-07-09,27.92354544727577,0.0,,,,
2024-07-09,30.610670927671187,10.394259142178758,,,,
2024-07-10,30.77840847324011,10.576888924070202,,,,
2024-07-10,27.92510203668466,0.0,,,,
2024-07-11,27.92665862609354,0.0,,,,
2024-07-11,30.978582047256257,10.788114930821097,,,,
2024-07-12,27.928215215502423,0.0,,,,
2024-07-12,30.604423579648028,10.94588972791367,,,,
2024-07-13,27.92977180491131,0.0,,,,
2024-07-13,30.855041438657864,11.139467076293364,,,,
2024-07-14,27.9313283943202,0.0,,,,
2024-07-14,30.72914432843896,11.315059123213215,,,,
2024-07-15,30.47216923239115,10.815059123213215,,,,
2024-07-15,27.93288498372908,0.0,,,,
2024-07-16,30.673907900083165,10.982760251796524,,,,
2024-07-16,27.93444157313796,0.0,,,,
2024-07-17,30.78989236857161,11.167030590163897,,,,
2024-07-17,27.935998162546845,0.0,,,,
2024-07-18,30.56538087971224,11.319227858694216,,,,
2024-07-18,27.93755475195573,0.0,,,,
2024-07-19,27.93911134136461,0.0,,,,
2024-07-19,30.638801758528444,11.48191382419828,,,,
2024-07-20,27.940667930773497,0.0,,,,
2024-07-20,31.02020035086825,11.699085302893744,,,,
2024-07-21,30.76609286597763,11.87995571231912,,,,
2024-07-21,27.94222452018238,0.0,,,,
2024-07-22,30.66015675824202,12.04569239206798,,,,
2024-07-22,27.943781109591264,0.0,,,,
2024-07-23,30.61809246893316,12.20541988762986,,,,
2024-07-23,27.945337699000145,0.0,,,,
2024-07-24,30.878860487039507,12.402399957206931,,,,
2024-07-24,27.94689428840903,0.0,,,,
2024-07-25,30.573559281886247,12.555765568904969,,,,
2024-07-25,27.948450877817915,0.0,,,,
2024-07-26,27.9500074672268,0.0,,,,
2024-07-26,30.909734129299533,12.757156158804902,,,,
2024-07-27,30.690523494090503,12.927230943674974,,,,
2024-07-27,27.95156405663568,0.0,,,,
2024-07-28,27.953120646044564,0.0,,,,
2024-07-28,30.76063271102201,13.107321330963831,,,,
2024-07-29,30.550358951075733,13.257372609688938,,,,
2024-07-29,27.95467723545345,0.0,,,,
2024-07-30,30.59797710835145,13.414226482310577,,,,
2024-07-30,27.95623382486233,0.0,,,,
2024-07-31,30.637967644365645,13.576793288648524,,,,
2024-07-31,27.957790414271216,0.0,,,,
2024-08-01,30.55209217062851,13.727092170166882,,,,
2024-08-01,27.9593470036801,0.0,,,,
2024-08-02,27.960903593088982,0.0,,,,
2024-08-02,30.751208356556024,13.905836221103456,,,,
2024-08-03,27.962460182497868,0.0,,,,
2024-08-03,30.938519910332523,14.111339065436674,,,,
2024-08-04,27.96401677190675,0.0,,,,
2024-08-04,30.476538717497547,13.611339065436674,,,,
2024-08-05,27.965573361315634,0.0,,,,
2024-08-05,30.24782255842453,13.111339065436674,,,,
2024-08-06,27.96712995072452,0.0,,,,
2024-08-06,30.690284608497183,13.281379723793414,,,,
2024-08-07,30.48537002915771,12.781379723793414,,,,
2024-08-07,27.9686865401334,0.0,,,,
2024-08-08,30.50757966132774,12.925319675411664,,,,
2024-08-08,27.97024312954229,0.0,,,,
2024-08-09,30.33227201166333,12.425319675411664,,,,
2024-08-09,27.971799718951168,0.0,,,,
2024-08-10,30.72939469322017,12.60094748872883,,,,
2024-08-10,27.973356308360053,0.0,,,,
2024-08-11,27.97491289776893,0.0,,,,
2024-08-11,30.33141490505828,12.10094748872883,,,,
2024-08-12,27.97646948717782,0.0,,,,
2024-08-12,30.545249644494067,12.250268866513697,,,,
2024-08-13,27.978026076586705,0.0,0.1184,0.118,0.1164,0.1026
2024-08-13,30.53470753367444,12.398084228467187,0.1184,0.118,0.1164,0.1026
2024-08-14,27.979582665995583,0.0,,,,
2024-08-14,30.40695430126965,11.898084228467187,,,,
2024-08-15,30.363740850316468,11.398084228467187,,,,
2024-08-15,27.98113925540447,0.0,,,,
2024-08-16,27.98269584481336,0.0,,,,
2024-08-16,30.33586499267444,10.898084228467187,,,,
2024-08-17,27.98425243422224,0.0,,,,
2024-08-17,30.57908218146765,11.05223882581971,,,,
2024-08-18,27.98580902363112,0.0,,,,
2024-08-18,30.514112038994536,11.197111974247502,,,,
2024-08-19,27.987365613040005,0.0,,,,
2024-08-19,30.27404967219002,10.697111974247502,,,,
2024-08-20,27.98892220244889,0.0,,,,
2024-08-20,30.0228065412135,10.197111974247502,,,,
2024-08-21,27.99047879185777,0.0,,,,
2024-08-21,30.406646779384545,9.697111974247502,,,,
2024-08-22,30.058991333610454,9.197111974247502,,,,
2024-08-22,27.992035381266657,0.0,,,,
2024-08-23,27.99359197067554,0.0,,,,
2024-08-23,30.21580093098441,8.697111974247502,,,,
2024-08-24,30.24305051964388,8.197111974247502,,,,
2024-08-24,27.995148560084424,0.0,,,,
2024-08-25,27.996705149493305,0.0,,,,
2024-08-25,30.344147613443905,7.697111974247502,,,,
2024-08-26,30.200375706970565,7.197111974247502,,,,
2024-08-26,27.99826173890219,0.0,,,,
2024-08-27,30.098739250877763,6.697111974247502,,,,
2024-08-27,27.99981832831108,0.0,,,,
2024-08-28,30.44584664345506,6.197111974247502,,,,
2024-08-28,28.00137491771996,0.0,,,,
2024-08-29,30.35736644998408,5.697111974247502,,,,
2024-08-29,28.00293150712884,0.0,,,,
2024-08-30,28.004488096537724,0.0,,,,
2024-08-30,30.27659034499977,5.197111974247502,,,,
2024-08-31,30.222368943973787,4.697111974247502,,,,
2024-08-31,28.00604468594661,0.0,,,,
2024-09-01,30.14586590778716,4.197111974247502,,,,
2024-09-01,28.00760127535549,0.0,,,,
2024-09-02,28.009157864764376,0.0,,,,
2024-09-02,30.22804068294596,3.697111974247502,,,,
2024-09-03,28.01071445417326,0.0,,,,
2024-09-03,29.979186256136103,3.197111974247502,,,,
2024-09-04,30.11612877465713,2.697111974247502,,,,
2024-09-04,28.012271043582142,0.0,,,,
2024-09-05,30.15112043868054,2.197111974247502,,,,
2024-09-05,28.013827632991028,0.0,,,,
2024-09-06,29.851926124672445,1.6971119742475018,,,,
2024-09-06,28.01538422239991,0.0,,,,
2024-09-07,30.31881894725216,1.1971119742475018,0.1284,0.1324,0.0942,0.0828
2024-09-07,28.016940811808794,0.0,0.1284,0.1324,0.0942,0.0828
2024-09-08,30.22326345709702,0.6971119742475018,,,,
2024-09-08,28.01849740121768,0.0,,,,
2024-09-09,28.02005399062656,0.0,,,,
2024-09-09,29.961745915467983,0.1971119742475018,,,,
2024-09-10,29.58594735209336,0.0,,,,
2024-09-10,28.021610580035446,0.0,,,,
2024-09-11,28.023167169444328,0.0,,,,
2024-09-11,30.152484501237662,0.0,,,,
2024-09-12,28.024723758853213,0.0,,,,
2024-09-12,29.83052012679621,0.0,,,,
2024-09-13,28.02628034826209,0.0,,,,
2024-09-13,29.72644401242953,0.0,,,,
2024-09-14,28.02783693767098,0.0,,,,
2024-09-14,29.63372096344124,0.0,,,,
2024-09-15,28.029393527079865,0.0,,,,
2024-09-15,29.811036560113493,0.0,,,,
2024-09-16,30.068191105039865,0.0,,,,
2024-09-16,28.030950116488743,0.0,,,,
2024-09-17,28.03250670589763,0.0,,,,
2024-09-17,29.695044211102594,0.0,,,,
2024-09-18,29.659173357806075,0.0,,,,
2024-09-18,28.03406329530652,0.0,,,,
2024-09-19,28.0356198847154,0.0,,,,
2024-09-19,29.869115421968115,0.0,,,,
2024-09-20,29.77096029747014,0.0,,,,
2024-09-20,28.03717647412428,0.0,,,,
2024-09-21,28.038733063533165,0.0,,,,
2024-09-21,29.79795262398094,0.0,,,,
2024-09-22,29.619264964240266,0.0,,,,
2024-09-22,28.04028965294205,0.0,,,,
2024-09-23,29.54248597362012,0.0,,,,
2024-09-23,28.04184624235093,0.0,,,,
2024-09-24,28.043402831759817,0.0,,,,
2024-09-24,29.948518324536707,0.0,,,,
2024-09-25,29.63339508033755,0.0,,,,
2024-09-25,28.0449594211687,0.0,,,,
2024-09-26,29.653607584079065,0.0,,,,
2024-09-26,28.046516010577584,0.0,,,,
2024-09-27,29.425100497874737,0.0,,,,
2024-09-27,28.04807259998647,0.0,,,,
2024-09-28,29.50928085584912,0.0,,,,
2024-09-28,28.04962918939535,0.0,,,,
2024-09-29,28.05118577880424,0.0,,,,
2024-09-29,29.61766340275893,0.0,,,,
2024-09-30,29.42720794272552,0.0,,,,
2024-09-30,28.05274236821312,0.0,,,,
2024-10-01,29.374330616355497,0.0,,,,
2024-10-01,28.054298957622,0.0,,,,
2024-10-02,29.43703542683105,0.0,,,,
2024-10-02,28.055855547030884,0.0,,,,
2024-10-03,29.448159950101804,0.0,,,,
2024-10-03,28.05741213643977,0.0,,,,
2024-10-04,29.309521989615835,0.0,,,,
2024-10-04,28.05896872584865,0.0,,,,
2024-10-05,29.283267493716338,0.0,,,,
2024-10-05,28.060525315257536,0.0,,,,
2024-10-06,29.237533094554863,0.0,,,,
2024-10-06,28.06208190466642,0.0,,,,
2024-10-07,28.887698719236408,0.0,,,,
2024-10-07,28.063638494075303,0.0,,,,
2024-10-08,28.065195083484188,0.0,,,,
2024-10-08,29.08155994916218,0.0,,,,
2024-10-09,28.06675167289307,0.0,,,,
2024-10-09,28.83157308758292,0.0,,,,
2024-10-10,29.143686347062093,0.0,,,,
2024-10-10,28.068308262301954,0.0,,,,
2024-10-11,29.2420751959397,0.0,,,,
2024-10-11,28.06986485171084,0.0,,,,
2024-10-12,28.07142144111972,0.0,,,,
2024-10-12,29.02843608049921,0.0,,,,
2024-10-13,29.28312151922288,0.0,,,,
2024-10-13,28.072978030528606,0.0,,,,
2024-10-14,28.074534619937488,0.0,,,,
2024-10-14,29.27189032099273,0.0,,,,
2024-10-15,28.93968731990748,0.0,,,,
2024-10-15,28.076091209346373,0.0,,,,
2024-10-16,28.72298968210952,0.0,,,,
2024-10-16,28.07764779875525,0.0,,,,
2024-10-17,29.44189288737613,0.0,,,,
2024-10-17,28.07920438816414,0.0,,,,
2024-10-18,29.026382673415004,0.0,,,,
2024-10-18,28.080760977573025,0.0,,,,
2024-10-19,28.082317566981907,0.0,,,,
2024-10-19,28.75934372310288,0.0,,,,
2024-10-20,28.08387415639079,0.0,,,,
2024-10-20,28.75425076299135,0.0,,,,
2024-10-21,28.08543074579968,0.0,,,,
2024-10-21,28.797776366892894,0.0,,,,
2024-10-22,28.830813021282903,0.0,,,,
2024-10-22,28.08698733520856,0.0,,,,
2024-10-23,28.8105771716574,0.0,,,,
2024-10-23,28.088543924617444,0.0,,,,
2024-10-24,29.136290990153952,0.0,,,,
2024-10-24,28.090100514026325,0.0,,,,
2024-10-25,28.788340115410296,0.0,,,,
2024-10-25,28.09165710343521,0.0,,,,
2024-10-26,28.96016580606551,0.0,,,,
2024-10-26,28.09321369284409,0.0,,,,
2024-10-27,28.94493363744997,0.0,,,,
2024-10-27,28.094770282252977,0.0,,,,
2024-10-28,28.09632687166186,0.0,,,,
2024-10-28,28.62179948390648,0.0,,,,
2024-10-29,28.097883461070744,0.0,,,,
2024-10-29,28.71980507342221,0.0,,,,
2024-10-30,28.09944005047963,0.0,,,,
2024-10-30,28.58190187641691,0.0,,,,
2024-10-31,28.10099663988851,0.0,,,,
2024-10-31,28.55243216045268,0.0,,,,
2024-11-01,28.1025532292974,0.0,,,,
2024-11-01,28.768229173132244,0.0,,,,
2024-11-02,28.10410981870628,0.0,,,,
2024-11-02,28.55325938643784,0.0,,,,
2024-11-03,28.10566640811516,0.0,,,,
2024-11-03,28.4514484290879,0.0,,,,
2024-11-04,28.107222997524044,0.0,,,,
2024-11-04,28.649761261250926,0.0,,,,
2024-11-05,28.10877958693293,0.0,,,,
2024-11-05,28.61595685709925,0.0,,,,
2024-11-06,28.11033617634181,0.0,,,,
2024-11-06,28.706641137166653,0.0,,,,
2024-11-07,28.111892765750696,0.0,,,,
2024-11-07,28.76668212714424,0.0,,,,
2024-11-08,28.11344935515958,0.0,,,,
2024-11-08,28.345119339590752,0.0,,,,
2024-11-09,28.115005944568463,0.0,,,,
2024-11-09,28.341366524883213,0.0,,,,
2024-11-10,28.116562533977348,0.0,,,,
2024-11-10,28.257390538011528,0.0,,,,
2024-11-11,28.11811912338624,0.0,0.0376,0.0329,0.0172,0.014
2024-11-11,28.11811912338624,0.0,0.0438,0.0378,0.0214,0.0172
2024-11-11,28.401919391007603,0.0,0.0376,0.0329,0.0172,0.014
2024-11-11,28.401919391007603,0.0,0.0438,0.0378,0.0214,0.0172
2024-11-12,28.35131009722361,0.0,,,,
2024-11-12,28.119675712795114,0.0,,,,
2024-11-13,28.56696952279248,0.0,,,,
2024-11-13,28.121232302204,0.0,,,,
2024-11-14,28.281869351515216,0.0,,,,
2024-11-14,28.12278889161288,0.0,,,,
2024-11-15,28.48513850626266,0.0,,,,
2024-11-15,28.124345481021766,0.0,,,,
2024-11-16,28.552239981432248,0.0,0.0238,0.0202,0.0071,0.0016
2024-11-16,28.552239981432248,0.0,0.0368,0.0304,0.0154,0.0082
2024-11-16,28.125902070430648,0.0,0.0238,0.0202,0.0071,0.0016
2024-11-16,28.125902070430648,0.0,0.0368,0.0304,0.0154,0.0082
2024-11-17,28.253012064005897,0.0,,,,
2024-11-17,28.127458659839533,0.0,,,,
2024-11-18,28.12901524924842,0.0,,,,
2024-11-18,28.099545736752543,0.0,,,,
2024-11-19,28.160221780338738,0.0,,,,
2024-11-19,28.1305718386573,0.0,,,,
2024-11-20,28.132128428066185,0.0,,,,
2024-11-20,28.09172613733569,0.0,,,,
2024-11-21,28.133685017475067,0.0,,,,
2024-11-21,28.48877542076155,0.0,,,,
2024-11-22,27.88179104775724,0.0,,,,
2024-11-22,28.13524160688395,0.0,,,,
2024-11-23,28.13679819629284,0.0,,,,
2024-11-23,28.03541651512015,0.0,,,,
2024-11-24,28.058820464848512,0.0,,,,
2024-11-24,28.13835478570172,0.0,,,,
2024-11-25,28.42654602280521,0.0,,,,
2024-11-25,28.139911375110604,0.0,,,,
2024-11-26,28.13228786119382,0.0,,,,
2024-11-26,28.141467964519485,0.0,,,,
2024-11-27,28.297429015852952,0.0,,,,
2024-11-27,28.14302455392837,0.0,,,,
2024-11-28,28.073844815430284,0.0,,,,
2024-11-28,28.14458114333725,0.0,,,,
2024-11-29,27.864966837385428,0.0,,,,
2024-11-29,28.146137732746137,0.0,,,,
2024-11-30,28.14769432215502,0.0,,,,
2024-11-30,27.86747379345153,0.0,,,,
2024-12-01,27.95157024293912,0.0,0.0436,0.0312,0.0142,0.01
2024-12-01,27.95157024293912,0.0,0.0434,0.0314,0.0147,0.0104
2024-12-01,28.149250911563904,0.0,0.0436,0.0312,0.0142,0.01
2024-12-01,28.149250911563904,0.0,0.0434,0.0314,0.0147,0.0104
2024-12-02,28.026389540256567,0.0,,,,
2024-12-02,28.15080750097279,0.0,,,,
2024-12-03,28.031561544619983,0.0,,,,
2024-12-03,28.15236409038167,0.0,,,,
2024-12-04,27.88383410802801,0.0,,,,
2024-12-04,28.15392067979056,0.0,,,,
2024-12-05,28.020008049519703,0.0,,,,
2024-12-05,28.15547726919944,0.0,,,,
2024-12-06,28.15703385860832,0.0,,,,
2024-12-06,27.96632156834656,0.0,,,,
2024-12-07,27.850308472712445,0.0,,,,
2024-12-07,28.158590448017208,0.0,,,,
2024-12-08,28.16014703742609,0.0,,,,
2024-12-08,27.76819247808212,0.0,,,,
2024-12-09,27.81746418340995,0.0,,,,
2024-12-09,28.16170362683497,0.0,,,,
2024-12-10,28.163260216243856,0.0,,,,
2024-12-10,27.65520814773399,0.0,,,,
2024-12-11,28.16481680565274,0.0,0.0516,0.0409,0.0211,0.0148
2024-12-11,27.728211635841653,0.0,0.0516,0.0409,0.0211,0.0148
2024-12-12,27.61516550800325,0.0,,,,
2024-12-12,28.166373395061623,0.0,,,,
2024-12-13,28.167929984470508,0.0,,,,
2024-12-13,27.706449313533973,0.0,,,,
2024-12-14,27.73791959957712,0.0,,,,
2024-12-14,28.1694865738794,0.0,,,,
2024-12-15,28.171043163288275,0.0,,,,
2024-12-15,27.865668645593345,0.0,,,,
2024-12-16,28.17259975269716,0.0,,,,
2024-12-16,27.626839839204088,0.0,,,,
2024-12-17,28.17415634210604,0.0,,,,
2024-12-17,27.93129129633508,0.0,,,,
2024-12-18,28.175712931514926,0.0,,,,
2024-12-18,27.942277807835747,0.0,,,,
2024-12-19,27.94845261323637,0.0,,,,
2024-12-19,28.177269520923808,0.0,,,,
2024-12-20,28.178826110332693,0.0,,,,
2024-12-20,27.668127130758247,0.0,,,,
2024-12-21,28.18038269974158,0.0,0.0445,0.0346,0.0143,0.0108
2024-12-21,28.18038269974158,0.0,0.0457,0.036,0.0155,0.0118
2024-12-21,27.75913265287292,0.0,0.0445,0.0346,0.0143,0.0108
2024-12-21,27.75913265287292,0.0,0.0457,0.036,0.0155,0.0118
2024-12-22,27.674440126363503,0.0,,,,
2024-12-22,28.18193928915046,0.0,,,,
2024-12-23,28.183495878559345,0.0,,,,
2024-12-23,27.782664767902244,0.0,,,,
2024-12-24,27.983780429423312,0.0,,,,
2024-12-24,28.185052467968227,0.0,,,,
2024-12-25,28.18660905737711,0.0,,,,
2024-12-25,27.683875796931574,0.0,,,,
2024-12-26,28.188165646786,0.0,,,,
2024-12-26,27.463588037378024,0.0,,,,
2024-12-27,28.18972223619488,0.0,,,,
2024-12-27,27.791600450350064,0.0,,,,
2024-12-28,27.670685193463783,0.0,,,,
2024-12-28,28.191278825603764,0.0,,,,
2024-12-29,27.94761169063117,0.0,,,,
2024-12-29,28.192835415012645,0.0,,,,
2024-12-30,28.19439200442153,0.0,,,,
2024-12-30,27.478420444549464,0.0,,,,
2024-12-31,27.6478390782162,0.0,0.058,0.0468,0.0198,0.0158
2024-12-31,28.19594859383041,0.0,0.058,0.0468,0.0198,0.0158
2025-01-01,28.197505183239297,0.0,,,,
2025-01-02,27.88367955580005,0.0,,,,
2025-01-03,28.172480275623947,0.0,,,,
2025-01-04,28.04827714280161,0.0,,,,
2025-01-05,28.00310147719361,0.0,0.0662,0.0614,0.0308,0.0258
2025-01-06,28.08233947223712,0.0,,,,
2025-01-07,28.09122066749076,0.0,,,,
2025-01-08,27.98462432422773,0.0,,,,
2025-01-09,28.132503826824987,0.0,,,,
2025-01-10,28.19359801083284,0.0,0.1354,0.109,0.068,0.0714
2025-01-11,28.05792877936406,0.0,,,,
2025-01-12,28.22990389689007,0.0,,,,
2025-01-13,28.242846864957887,0.0,,,,
2025-01-14,28.17316690872363,0.0,,,,
2025-01-15,28.30258317204456,0.0,0.0527,0.042,0.0143,0.0096
2025-01-15,28.30258317204456,0.0,0.0502,0.0403,0.0132,0.009
2025-01-16,28.203644139264007,0.0,,,,
2025-01-17,28.315125617565226,0.0,,,,
2025-01-18,28.37102762094885,0.0,,,,
2025-01-19,28.339212953689497,0.0,,,,
2025-01-20,28.286808755235302,0.0,,,,
2025-01-21,28.248856707009573,0.0,,,,
2025-01-22,28.39677809424801,0.0,,,,
2025-01-23,28.261844159551355,0.0,,,,
2025-01-24,28.465908507948008,0.0,,,,
2025-01-25,28.40293394826157,0.0,,,,
2025-01-26,28.32036723884369,0.0,,,,
2025-01-27,28.328278866912083,0.0,,,,
2025-01-28,28.309879661545786,0.0,,,,
2025-01-29,28.30593170876074,0.0,,,,
2025-01-30,28.498742940874504,0.0,,,,
2025-01-31,28.51991225593578,0.0,,,,
2025-02-01,28.31019018373844,0.0,,,,
2025-02-02,28.33208170398376,0.0,,,,
2025-02-03,28.50925500665391,0.0,,,,
2025-02-04,28.47076060265949,0.0,0.0938,0.0813,0.0536,0.041
2025-02-05,28.356409018649,0.0,,,,
2025-02-06,28.456512761966408,0.0,,,,
2025-02-07,28.67501428271179,0.0,,,,
2025-02-08,28.503201587165933,0.0,,,,
2025-02-09,28.563142329765903,0.0,0.0682,0.0581,0.033,0.0256
2025-02-09,28.563142329765903,0.0,0.0659,0.0566,0.032,0.0249
2025-02-10,28.41741794894881,0.0,,,,
2025-02-11,28.59127209400376,0.0,,,,
2025-02-12,28.51931341554721,0.0,,,,
2025-02-13,28.599341309793413,0.0,,,,
2025-02-14,28.514660140021856,0.0,0.0508,0.0432,0.0236,0.0152
2025-02-14,28.514660140021856,0.0,0.065,0.0546,0.0331,0.0223
2025-02-15,28.576702473352867,0.0,,,,
2025-02-16,28.58037511818181,0.0,,,,
2025-02-17,28.52112847421421,0.0,,,,
2025-02-18,28.586110721469,0.0,,,,
2025-02-19,28.54623763048869,0.0,,,,
2025-02-20,28.57474380188168,0.0,,,,
2025-02-21,28.6442359995008,0.0,,,,
2025-02-22,28.74644093670483,0.0,,,,
2025-02-23,28.37518008245248,0.0,,,,
2025-02-24,28.60996381209387,0.0,,,,
2025-02-25,28.751875422568546,0.0,,,,
2025-02-26,28.522146564589853,0.0,,,,
2025-02-27,28.65165384246036,0.0,,,,
2025-02-28,28.58962316483319,0.0,,,,
2025-03-01,28.7155298078416,0.0,0.0898,0.0737,0.0582,0.0471
2025-03-02,28.859897961827507,0.0,,,,
2025-03-03,28.859158218901435,0.0,,,,
2025-03-04,28.57802142676775,0.0,,,,
2025-03-05,28.67617915515638,0.0,,,,
2025-03-06,28.84883851202826,0.0,0.0808,0.072,0.0584,0.051
2025-03-06,28.84883851202826,0.0,0.0831,0.074,0.0598,0.0522
2025-03-07,28.780471023869087,0.0,,,,
2025-03-08,28.809615159941448,0.0,,,,
2025-03-09,28.71317678079231,0.0,,,,
2025-03-10,28.601715036433426,0.0,,,,
2025-03-11,29.012719513758466,0.0,,,,
2025-03-12,28.861049139644933,0.0,,,,
2025-03-13,28.93117045686196,0.0,,,,
2025-03-14,28.921067346360083,0.0,,,,
2025-03-15,29.028549354914592,0.0,,,,
2025-03-16,28.787803855433047,0.0,0.8528,0.8456,0.8416,0.8176
2025-03-17,29.064756369110192,0.0,,,,
2025-03-18,28.88524264809093,0.0,0.061,0.0508,0.0404,0.0325
2025-03-19,29.10462532960527,0.0,,,,
2025-03-20,28.89360427362609,0.0,,,,
2025-03-21,28.9714197568912,0.0,,,,
2025-03-22,29.30702004036116,0.0,,,,
2025-03-23,28.980092377856813,0.0,,,,
2025-03-24,29.124989425019624,0.0,,,,
2025-03-25,29.149482772541816,0.0,,,,
2025-03-26,29.038554140212145,0.0,0.0592,0.0644,0.062,0.0652
2025-03-27,29.21280192052709,0.0,,,,
2025-03-28,29.289216340392887,0.0,,,,
2025-03-29,29.359617832282645,0.0,,,,
2025-03-30,29.07361331035928,0.0,,,,
2025-03-31,29.163282492938915,0.0,,,,
2025-04-01,29.40038555123763,0.0,,,,
2025-04-02,29.45411518075407,0.0,,,,
2025-04-03,29.479237739533648,0.0,,,,
2025-04-04,29.42280224827847,0.0,,,,
2025-04-05,29.72549111267772,0.0,,,,
2025-04-06,29.71751699631881,0.0,,,,
2025-04-07,29.546903213600448,0.0,,,,
2025-04-08,29.60774782694753,0.0,,,,
2025-04-09,29.750393751131305,0.0,,,,
2025-04-10,29.71923963662252,0.0,,,,
2025-04-11,29.795255528357785,0.0,,,,
2025-04-12,29.89481401121644,0.0,,,,
2025-04-13,29.792685438383256,0.0,,,,
2025-04-14,29.95045039662375,0.0,,,,
2025-04-15,29.98726473066277,0.0,,,,
2025-04-16,30.04452625895792,0.0,,,,
2025-04-17,30.20043191259819,0.0,,,,
2025-04-18,30.215011384132755,0.0,,,,
2025-04-19,30.268875556469368,0.0,,,,
2025-04-20,30.186498640417675,0.0,,,,
2025-04-21,30.08092397596172,0.0,,,,
2025-04-22,30.338342971487428,0.0,,,,
2025-04-23,30.44787256781409,0.0,,,,
2025-04-24,30.531108784930225,0.1473012549900322,,,,
2025-04-25,30.44796202779609,0.0,,,,
2025-04-26,30.4655669124268,0.0,,,,
2025-04-27,30.5631515654564,0.1518787950652001,,,,
2025-04-28,30.423601175059765,0.0,,,,
2025-04-29,30.546796356570777,0.1495423366529681,,,,
2025-04-30,30.61680052046758,0.3090852681483369,,,,
2025-05-01,30.63501740213692,0.4712306113107541,,,,
2025-05-02,30.53194134631366,0.6186508036412768,,,,
2025-05-03,30.52916980676205,0.7656750617501409,,,,
2025-05-04,30.632117476162783,0.9274061297733956,,,,
2025-05-05,30.591133999691,1.0832824154435383,,,,
2025-05-06,30.607372689647708,1.2414785139646394,,,,
2025-05-07,30.656339289762084,1.4066698410735086,,,,
2025-05-08,30.63222310317067,1.5684159986693185,,,,
2025-05-09,30.8257575608501,1.7578099359336186,,,,
2025-05-10,30.691163679422687,1.927976175851145,,,,
2025-05-11,30.665223433677625,2.09443666637652,,,,
2025-05-12,30.53495134602388,2.2422868586656457,,,,
2025-05-13,30.595741831253964,2.3988214059876407,,,,
2025-05-14,30.63760267689244,2.561336074115132,,,,
2025-05-15,30.70445000851673,2.733400361046093,,,,
2025-05-16,30.489350339684066,2.233400361046093,,,,
2025-05-17,30.758939849486868,2.413248910972789,,,,
2025-05-18,30.44197832297824,1.913248910972789,,,,
2025-05-19,30.530990387724497,2.0605332520762887,,,,
2025-05-20,30.60538372253535,2.218445212438481,0.1068,0.108,0.0916,0.0848
2025-05-21,30.52505961700216,2.364882300581647,,,,
2025-05-22,30.498141536381493,1.8648823005816468,,,,
2025-05-23,30.39264695502064,1.3648823005816468,,,,
2025-05-24,30.62092231057879,1.52501405923576,,,,
2025-05-25,30.29634600470019,1.02501405923576,,,,
2025-05-26,30.500320574189683,1.1679169984057147,,,,
2025-05-27,30.41567807949022,0.6679169984057147,,,,
2025-05-28,30.66478965790949,0.8343155209642135,,,,
2025-05-29,30.524957834656018,0.980738068772216,,,,
2025-05-30,30.46238839283861,0.480738068772216,,,,
2025-05-31,30.524137838073848,0.6270434742113372,,,,
2025-06-01,30.4676103005149,0.1270434742113372,,,,
2025-06-02,30.472579061791,0.0,,,,
2025-06-03,30.41448986121136,0.0,,,,
2025-06-04,30.58003484839458,0.154290692627797,,,,
2025-06-05,30.333581155299235,0.0,,,,
2025-06-06,30.438646354524334,0.0,,,,
2025-06-07,30.512847780016106,0.1446925400023008,,,,
2025-06-08,30.338930487792013,0.0,,,,
2025-06-09,30.407774645603222,0.0,,,,
2025-06-10,30.52008032263049,0.1457257603757844,,,,
2025-06-11,30.49324715708264,0.0,,,,
2025-06-12,30.34219526104349,0.0,,,,
2025-06-13,30.381772135758663,0.0,,,,
2025-06-14,30.31066530537294,0.0,,,,
2025-06-15,30.479377249366536,0.0,,,,
2025-06-16,30.57518346094892,0.1535976372784167,,,,
2025-06-17,30.600260826150407,0.3107777552999035,,,,
2025-06-18,30.581100064688915,0.4652206216840341,,,,
2025-06-19,30.48996772385557,0.0,,,,
2025-06-20,30.323413333693,0.0,,,,
2025-06-21,30.44764485623555,0.0,,,,
2025-06-22,30.30075301667506,0.0,,,,
2025-06-23,30.45188695308169,0.0,,,,
2025-06-24,30.48403605436847,0.0,,,,
2025-06-25,30.619938874300765,0.1599912677572521,,,,
2025-06-26,30.2822343440058,0.0,,,,
2025-06-27,30.54467809284342,0.1492397275490599,,,,
2025-06-28,30.50807318363702,0.2932501823543484,,,,
2025-06-29,30.409267232910253,0.0,,,,
2025-06-30,30.648719246109767,0.1641027494442524,,,,
2025-07-01,30.497046421614336,0.0,,,,
2025-07-02,30.566176953630315,0.1523109933757592,,,,
2025-07-03,30.5325119977082,0.2998127073340733,,,,
2025-07-04,30.401451004990605,0.0,,,,
2025-07-05,30.55882728220609,0.1512610403151555,,,,
2025-07-06,30.608881416016533,0.3096726711746603,,,,
2025-07-07,30.32520716922471,0.0,,,,
2025-07-08,30.612228802223,0.1588898288890001,,,,
2025-07-09,30.46728967735097,0.0,,,,
2025-07-10,30.45968073217304,0.0,,,,
2025-07-11,30.658334633784403,0.1654763762549146,,,,
2025-07-12,30.62374632846172,0.3260115660351604,,,,
2025-07-13,30.46349307262722,0.0,,,,
2025-07-14,30.53896045828797,0.1484229226125672,,,,
2025-07-15,30.37979284398944,0.0,,,,
2025-07-16,30.66616994219897,0.1665957060284242,,,,
2025-07-17,30.608777531442016,0.3249924962344264,,,,
2025-07-18,30.53669695268305,0.4730920609034338,,,,
2025-07-19,30.41727681355292,0.0,,,,
2025-07-20,30.33200131542996,0.0,,,,
2025-07-21,30.2434368196669,0.0,,,,
2025-07-22,30.368514914417272,0.0,,,,
2025-07-23,30.513604899501168,0.1448006999287382,,,,
2025-07-24,30.46213145383833,0.0,,,,
2025-07-25,30.53859125762716,0.1483701796610229,,,,
2025-07-26,30.44290090637316,0.0,,,,
2025-07-27,30.571500577605875,0.1530715110865535,,,,
2025-07-28,30.098529052302897,0.0,,,,
2025-07-29,30.5487857302398,0.1498265328913994,,,,
2025-07-30,30.46354316420935,0.0,,,,
2025-07-31,30.54050982561291,0.1486442608018445,,,,
2025-08-01,30.3649663226249,0.0,,,,
2025-08-02,30.280753334034927,0.0,,,,
2025-08-03,30.35598378712461,0.0,,,,
2025-08-04,30.29602212507988,0.0,,,,
2025-08-05,30.31595341371305,0.0,,,,
2025-08-06,30.155877760453656,0.0,,,,
2025-08-07,30.44086065362451,0.0,,,,
2025-08-08,30.355846640191185,0.0,,,,
2025-08-09,30.151880048650447,0.0,,,,
2025-08-10,30.329287729763703,0.0,,,,
2025-08-11,30.10323428928893,0.0,,,,
2025-08-12,30.32992032916388,0.0,,,,
2025-08-13,30.10487124824904,0.0,,,,
2025-08-14,30.134181037327263,0.0,,,,
2025-08-15,30.32417681970931,0.0,,,,
2025-08-16,30.22551555023846,0.0,,,,
2025-08-17,30.23173419130478,0.0,,,,
2025-08-18,30.183139060078776,0.0,,,,
2025-08-19,30.175840733909688,0.0,,,,
2025-08-20,30.14428564080972,0.0,,,,
2025-08-21,30.3236112098288,0.0,,,,
2025-08-22,30.348601510352484,0.0,,,,
2025-08-23,30.10380331615472,0.0,,,,
2025-08-24,29.98326719970337,0.0,,,,
2025-08-25,30.043262506466068,0.0,,,,
2025-08-26,30.078381602286743,0.0,,,,
2025-08-27,30.0335058581306,0.0,,,,
2025-08-28,29.909251509715155,0.0,,,,
2025-08-29,29.99737194259168,0.0,,,,
2025-08-30,29.718098369593505,0.0,,,,
2025-08-31,30.118614909978675,0.0,,,,
2025-09-01,29.908214614964955,0.0,,,,
2025-09-02,29.82076988904256,0.0,,,,
2025-09-03,29.78025881112195,0.0,,,,
2025-09-04,29.77128539413809,0.0,,,,
2025-09-05,29.87528025736876,0.0,,,,
2025-09-06,29.841490116345327,0.0,,,,
2025-09-07,29.761327971028955,0.0,,,,
2025-09-08,29.69674374048341,0.0,,,,
2025-09-09,29.61648579730676,0.0,,,,
2025-09-10,29.78521880175364,0.0,,,,
2025-09-11,29.81386162269524,0.0,,,,
2025-09-12,29.74883060490874,0.0,,,,
2025-09-13,29.61345677274184,0.0,,,,
2025-09-14,29.54340579733598,0.0,,,,
2025-09-15,29.60108394900747,0.0,,,,
2025-09-16,29.681966162375275,0.0,,,,
2025-09-17,29.43496861572895,0.0,,,,
2025-09-18,29.45689407206581,0.0,,,,
2025-09-19,29.75208356624352,0.0,,,,
2025-09-20,29.694609008490016,0.0,,,,
2025-09-21,29.21820552308074,0.0,,,,
2025-09-22,29.440533678075127,0.0,,,,
2025-09-23,29.352678311714097,0.0,,,,
2025-09-24,29.475398778671394,0.0,,,,
2025-09-25,29.218949479356443,0.0,,,,
2025-09-26,29.381430805533515,0.0,,,,
2025-09-27,29.30702495441657,0.0,,,,
2025-09-28,29.41531009333832,0.0,,,,
2025-09-29,29.25015978622889,0.0,,,,
2025-09-30,29.34350592838653,0.0,,,,
2025-10-01,29.0160884197606,0.0,,,,
2025-10-02,29.08455128665695,0.0,,,,
2025-10-03,29.281253696418137,0.0,,,,
2025-10-04,29.128648917097845,0.0,,,,
2025-10-05,29.13241926669172,0.0,,,,
2025-10-06,29.11732180239204,0.0,,,,
2025-10-07,29.18925981668665,0.0,,,,
2025-10-08,29.067568373440967,0.0,,,,
2025-10-09,28.90374451842246,0.0,,,,
2025-10-10,28.83663561666797,0.0,,,,
2025-10-11,28.920687547048395,0.0,,,,
2025-10-12,28.92245944649568,0.0,,,,
2025-10-13,28.91180991956339,0.0,,,,
2025-10-14,28.754879490235105,0.0,,,,
2025-10-15,28.96422763632236,0.0,,,,
2025-10-16,28.827317640568,0.0,,,,
2025-10-17,28.73184731725721,0.0,,,,
2025-10-18,28.71826846339702,0.0,,,,
2025-10-19,28.7074776472087,0.0,,,,
2025-10-20,28.705417077319748,0.0,,,,
2025-10-21,28.66811687345108,0.0,,,,
2025-10-22,28.644905624121904,0.0,,,,
2025-10-23,28.6574048117402,0.0,,,,
2025-10-24,28.643865441291783,0.0,,,,
2025-10-25,28.69491455905384,0.0,,,,
2025-10-26,28.68435233752269,0.0,,,,
2025-10-27,28.582115880605308,0.0,0.1734,0.151,0.1376,0.1438
2025-10-28,28.66230232754956,0.0,,,,
2025-10-29,28.270932566132235,0.0,,,,
2025-10-30,28.353202430336683,0.0,,,,
2025-10-31,28.566256938398503,0.0,,,,
2025-11-01,28.37693929188357,0.0,,,,
2025-11-02,28.343982305835,0.0,,,,
2025-11-03,28.425904366813857,0.0,,,,
2025-11-04,28.292366781871408,0.0,,,,
2025-11-05,28.30386264019018,0.0,,,,
2025-11-06,28.573543812811923,0.0,,,,
2025-11-07,28.316470386918983,0.0,,,,
2025-11-08,28.24691601967922,0.0,,,,
2025-11-09,28.31460820305913,0.0,,,,
2025-11-10,28.099731407613405,0.0,,,,
2025-11-11,28.27636780574857,0.0,,,,
2025-11-12,28.22963141470212,0.0,,,,
2025-11-13,28.14842791157547,0.0,,,,
2025-11-14,28.20807559902134,0.0,,,,
2025-11-15,28.14754683553448,0.0,,,,
2025-11-16,28.10614215224464,0.0,0.1588,0.1606,0.1098,0.1178
2025-11-16,28.10614215224464,0.0,0.1556,0.1568,0.1082,0.1138
2025-11-17,28.10685516155509,0.0,,,,
2025-11-18,28.05140798970957,0.0,,,,
2025-11-19,28.1386338131605,0.0,,,,
2025-11-20,27.872705955587016,0.0,,,,
2025-11-21,28.0117335714964,0.0,,,,
2025-11-22,27.83582548750298,0.0,,,,
2025-11-23,27.99551080026628,0.0,,,,
2025-11-24,27.84409549981354,0.0,,,,
2025-11-25,27.9519321673696,0.0,,,,
2025-11-26,27.95316352328854,0.0,,,,
2025-11-27,27.9214450304773,0.0,,,,
2025-11-28,27.91386196163754,0.0,,,,
2025-11-29,27.98932068046964,0.0,,,,
2025-11-30,27.86161245571557,0.0,,,,
2025-12-01,27.72883220261159,0.0,0.0307,0.02,0.0013,0.0004
2025-12-01,27.72883220261159,0.0,0.0443,0.0314,0.0111,0.0077
2025-12-02,27.86098593971984,0.0,,,,
2025-12-03,27.7532329940263,0.0,0.0516,0.0381,0.0186,0.0104
2025-12-04,27.63676921908204,0.0,,,,
2025-12-05,27.670157913739867,0.0,,,,
2025-12-06,27.74986482435859,0.0,0.0618,0.0506,0.0288,0.0174
2025-12-07,27.74619401613573,0.0,,,,
2025-12-08,27.662021961028625,0.0,,,,
2025-12-09,27.74152332006849,0.0,,,,
2025-12-10,27.5968491901901,0.0,,,,
2025-12-11,27.58552479861211,0.0,,,,
2025-12-12,27.801521467223093,0.0,,,,
2025-12-13,27.697517714110194,0.0,,,,
2025-12-14,27.58814518000624,0.0,,,,
2025-12-15,27.723484243407405,0.0,,,,
2025-12-16,27.674454004168616,0.0,0.0461,0.0344,0.0115,0.0059
2025-12-16,27.674454004168616,0.0,0.0465,0.0351,0.0122,0.0067
2025-12-17,27.64465284683304,0.0,,,,
2025-12-18,27.582218877827724,0.0,,,,
2025-12-19,27.727593436468783,0.0,,,,
2025-12-20,27.564185695322124,0.0,,,,
2025-12-21,27.692400891588942,0.0,0.0479,0.0379,0.0149,0.0103
2025-12-21,27.692400891588942,0.0,0.047,0.0374,0.0148,0.0103
2025-12-22,27.52895016865474,0.0,,,,
2025-12-23,27.75033397567536,0.0,0.0337,0.0263,0.0008,0.0
2025-12-23,27.75033397567536,0.0,0.0426,0.0336,0.0076,0.0032
2025-12-24,27.77329610154909,0.0,,,,
2025-12-25,27.497292997348403,0.0,,,,
2025-12-26,27.573542620734383,0.0,0.0668,0.0494,0.0228,0.0156
2025-12-27,27.47790255227901,0.0,,,,
2025-12-28,27.598664677310484,0.0,,,,
2025-12-29,27.492795504690427,0.0,,,,
2025-12-30,27.720613375081864,0.0,,,,
2025-12-31,27.50218632868733,0.0,0.0545,0.0472,0.0136,0.0086
2025-12-31,27.50218632868733,0.0,0.0533,0.0465,0.0132,0.0084
