Date,Status,SST_Celsius,Linear_Trend
2023-01-01,History,27.69,28.978886378909962
2023-01-02,History,27.71,28.978963688726843
2023-01-03,History,27.75,28.979040998543717
2023-01-04,History,27.71,28.97911830836059
2023-01-05,History,27.74,28.97919561817747
2023-01-06,History,27.65,28.979272927994344
2023-01-07,History,27.59,28.979350237811218
2023-01-08,History,27.6,28.9794275476281
2023-01-09,History,27.54,28.979504857444972
2023-01-10,History,27.51,28.979582167261846
2023-01-11,History,27.42,28.979659477078727
2023-01-12,History,27.37,28.9797367868956
2023-01-13,History,27.44,28.979814096712474
2023-01-14,History,27.42,28.979891406529354
2023-01-15,History,27.39,28.979968716346228
2023-01-16,History,27.4,28.9800460261631
2023-01-17,History,27.43,28.980123335979982
2023-01-18,History,27.54,28.980200645796856
2023-01-19,History,27.59,28.980277955613737
2023-01-20,History,27.53,28.98035526543061
2023-01-21,History,27.5,28.980432575247484
2023-01-22,History,27.56,28.980509885064365
2023-01-23,History,27.56,28.980587194881238
2023-01-24,History,27.49,28.98066450469811
2023-01-25,History,27.5,28.980741814514992
2023-01-26,History,27.57,28.980819124331866
2023-01-27,History,27.71,28.98089643414874
2023-01-28,History,27.67,28.98097374396562
2023-01-29,History,27.66,28.981051053782494
2023-01-30,History,27.68,28.981128363599368
2023-01-31,History,27.7,28.981205673416248
2023-02-01,History,27.82,28.981282983233122
2023-02-02,History,27.79,28.981360293049995
2023-02-03,History,27.75,28.981437602866876
2023-02-04,History,27.84,28.98151491268375
2023-02-05,History,27.88,28.98159222250063
2023-02-06,History,28.04,28.981669532317504
2023-02-07,History,28.06,28.981746842134378
2023-02-08,History,27.95,28.98182415195126
2023-02-09,History,28.01,28.981901461768132
2023-02-10,History,27.95,28.981978771585005
2023-02-11,History,27.92,28.982056081401886
2023-02-12,History,27.89,28.98213339121876
2023-02-13,History,27.69,28.982210701035633
2023-02-14,History,27.66,28.982288010852514
2023-02-15,History,27.66,28.982365320669388
2023-02-16,History,27.64,28.98244263048626
2023-02-17,History,27.66,28.982519940303142
2023-02-18,History,27.74,28.982597250120016
2023-02-19,History,27.81,28.98267455993689
2023-02-20,History,27.9,28.98275186975377
2023-02-21,History,28.01,28.982829179570643
2023-02-22,History,28.02,28.982906489387524
2023-02-23,History,28.08,28.982983799204398
2023-02-24,History,28.19,28.98306110902127
2023-02-25,History,28.2,28.983138418838152
2023-02-26,History,28.21,28.983215728655026
2023-02-27,History,28.25,28.9832930384719
2023-02-28,History,28.26,28.98337034828878
2023-03-01,History,28.33,28.983447658105653
2023-03-02,History,28.36,28.983524967922527
2023-03-03,History,28.39,28.983602277739408
2023-03-04,History,28.41,28.98367958755628
2023-03-05,History,28.33,28.983756897373155
2023-03-06,History,28.32,28.983834207190036
2023-03-07,History,28.31,28.98391151700691
2023-03-08,History,28.22,28.983988826823783
2023-03-09,History,28.23,28.984066136640664
2023-03-10,History,28.14,28.984143446457537
2023-03-11,History,28.05,28.984220756274418
2023-03-12,History,28.18,28.98429806609129
2023-03-13,History,28.25,28.984375375908165
2023-03-14,History,28.3,28.984452685725046
2023-03-15,History,28.41,28.98452999554192
2023-03-16,History,28.37,28.984607305358793
2023-03-17,History,28.36,28.984684615175674
2023-03-18,History,28.49,28.984761924992547
2023-03-19,History,28.45,28.98483923480942
2023-03-20,History,28.44,28.9849165446263
2023-03-21,History,28.46,28.984993854443175
2023-03-22,History,28.57,28.98507116426005
2023-03-23,History,28.69,28.98514847407693
2023-03-24,History,28.82,28.985225783893803
2023-03-25,History,28.82,28.985303093710684
2023-03-26,History,28.88,28.985380403527557
2023-03-27,History,28.84,28.98545771334443
2023-03-28,History,28.81,28.98553502316131
2023-03-29,History,28.72,28.985612332978185
2023-03-30,History,28.69,28.98568964279506
2023-03-31,History,28.74,28.98576695261194
2023-04-01,History,28.75,28.985844262428813
2023-04-02,History,28.78,28.985921572245687
2023-04-03,History,28.95,28.985998882062567
2023-04-04,History,29.01,28.98607619187944
2023-04-05,History,29.12,28.986153501696315
2023-04-06,History,29.15,28.986230811513195
2023-04-07,History,29.16,28.98630812133007
2023-04-08,History,29.16,28.986385431146942
2023-04-09,History,29.1,28.986462740963823
2023-04-10,History,29.04,28.986540050780697
2023-04-11,History,29.12,28.986617360597577
2023-04-12,History,29.08,28.98669467041445
2023-04-13,History,29.03,28.986771980231325
2023-04-14,History,29.05,28.986849290048205
2023-04-15,History,29.1,28.98692659986508
2023-04-16,History,29.17,28.987003909681953
2023-04-17,History,29.2,28.987081219498833
2023-04-18,History,29.18,28.987158529315707
2023-04-19,History,29.23,28.98723583913258
2023-04-20,History,29.31,28.98731314894946
2023-04-21,History,29.35,28.987390458766335
2023-04-22,History,29.33,28.98746776858321
2023-04-23,History,29.36,28.98754507840009
2023-04-24,History,29.48,28.987622388216963
2023-04-25,History,29.52,28.987699698033836
2023-04-26,History,29.49,28.987777007850717
2023-04-27,History,29.49,28.98785431766759
2023-04-28,History,29.5,28.98793162748447
2023-04-29,History,29.56,28.988008937301345
2023-04-30,History,29.54,28.98808624711822
2023-05-01,History,29.52,28.9881635569351
2023-05-02,History,29.53,28.988240866751973
2023-05-03,History,29.58,28.988318176568846
2023-05-04,History,29.58,28.988395486385727
2023-05-05,History,29.56,28.9884727962026
2023-05-06,History,29.63,28.988550106019474
2023-05-07,History,29.81,28.988627415836355
2023-05-08,History,29.85,28.98870472565323
2023-05-09,History,29.77,28.988782035470102
2023-05-10,History,29.77,28.988859345286983
2023-05-11,History,29.8,28.988936655103856
2023-05-12,History,29.85,28.98901396492073
2023-05-13,History,29.81,28.98909127473761
2023-05-14,History,29.77,28.989168584554484
2023-05-15,History,29.76,28.989245894371365
2023-05-16,History,29.77,28.98932320418824
2023-05-17,History,29.9,28.989400514005112
2023-05-18,History,29.95,28.989477823821993
2023-05-19,History,29.96,28.989555133638866
2023-05-20,History,30.09,28.98963244345574
2023-05-21,History,30.03,28.98970975327262
2023-05-22,History,30.13,28.989787063089494
2023-05-23,History,30.27,28.989864372906368
2023-05-24,History,30.24,28.98994168272325
2023-05-25,History,30.34,28.990018992540122
2023-05-26,History,30.39,28.990096302356996
2023-05-27,History,30.3,28.990173612173876
2023-05-28,History,30.3,28.99025092199075
2023-05-29,History,30.26,28.990328231807624
2023-05-30,History,30.27,28.990405541624504
2023-05-31,History,30.3,28.990482851441378
2023-06-01,History,30.24,28.99056016125826
2023-06-02,History,30.26,28.990637471075132
2023-06-03,History,30.34,28.990714780892006
2023-06-04,History,30.43,28.990792090708887
2023-06-05,History,30.52,28.99086940052576
2023-06-06,History,30.41,28.990946710342634
2023-06-07,History,30.45,28.991024020159514
2023-06-08,History,30.44,28.991101329976388
2023-06-09,History,30.42,28.99117863979326
2023-06-10,History,30.39,28.991255949610142
2023-06-11,History,30.4,28.991333259427016
2023-06-12,History,30.32,28.99141056924389
2023-06-13,History,30.43,28.99148787906077
2023-06-14,History,30.36,28.991565188877644
2023-06-15,History,30.38,28.991642498694517
2023-06-16,History,30.4,28.991719808511398
2023-06-17,History,30.38,28.99179711832827
2023-06-18,History,30.46,28.991874428145152
2023-06-19,History,30.48,28.991951737962026
2023-06-20,History,30.57,28.9920290477789
2023-06-21,History,30.51,28.99210635759578
2023-06-22,History,30.48,28.992183667412654
2023-06-23,History,30.52,28.992260977229527
2023-06-24,History,30.51,28.992338287046408
2023-06-25,History,30.4,28.99241559686328
2023-06-26,History,30.34,28.992492906680155
2023-06-27,History,30.23,28.992570216497036
2023-06-28,History,30.29,28.99264752631391
2023-06-29,History,30.35,28.992724836130783
2023-06-30,History,30.29,28.992802145947664
2023-07-01,History,30.4,28.992879455764538
2023-07-02,History,30.46,28.992956765581418
2023-07-03,History,30.4,28.993034075398292
2023-07-04,History,30.39,28.993111385215165
2023-07-05,History,30.37,28.993188695032046
2023-07-06,History,30.41,28.99326600484892
2023-07-07,History,30.43,28.993343314665793
2023-07-08,History,30.49,28.993420624482674
2023-07-09,History,30.53,28.993497934299548
2023-07-10,History,30.67,28.99357524411642
2023-07-11,History,30.68,28.993652553933302
2023-07-12,History,30.71,28.993729863750175
2023-07-13,History,30.65,28.99380717356705
2023-07-14,History,30.73,28.99388448338393
2023-07-15,History,30.67,28.993961793200803
2023-07-16,History,30.62,28.994039103017677
2023-07-17,History,30.63,28.994116412834558
2023-07-18,History,30.62,28.99419372265143
2023-07-19,History,30.59,28.994271032468312
2023-07-20,History,30.57,28.994348342285186
2023-07-21,History,30.49,28.99442565210206
2023-07-22,History,30.48,28.99450296191894
2023-07-23,History,30.46,28.994580271735813
2023-07-24,History,30.42,28.994657581552687
2023-07-25,History,30.5,28.994734891369568
2023-07-26,History,30.58,28.99481220118644
2023-07-27,History,30.59,28.994889511003315
2023-07-28,History,30.57,28.994966820820196
2023-07-29,History,30.53,28.99504413063707
2023-07-30,History,30.56,28.995121440453943
2023-07-31,History,30.5,28.995198750270823
2023-08-01,History,30.45,28.995276060087697
2023-08-02,History,30.38,28.99535336990457
2023-08-03,History,30.37,28.99543067972145
2023-08-04,History,30.33,28.995507989538325
2023-08-05,History,30.33,28.995585299355206
2023-08-06,History,30.35,28.99566260917208
2023-08-07,History,30.38,28.995739918988953
2023-08-08,History,30.39,28.995817228805834
2023-08-09,History,30.43,28.995894538622707
2023-08-10,History,30.41,28.99597184843958
2023-08-11,History,30.46,28.99604915825646
2023-08-12,History,30.39,28.996126468073335
2023-08-13,History,30.38,28.99620377789021
2023-08-14,History,30.34,28.99628108770709
2023-08-15,History,30.22,28.996358397523963
2023-08-16,History,30.15,28.996435707340837
2023-08-17,History,30.09,28.996513017157717
2023-08-18,History,30.08,28.99659032697459
2023-08-19,History,30.05,28.996667636791464
2023-08-20,History,29.92,28.996744946608345
2023-08-21,History,29.93,28.99682225642522
2023-08-22,History,29.95,28.9968995662421
2023-08-23,History,30.0,28.996976876058973
2023-08-24,History,30.08,28.997054185875847
2023-08-25,History,30.06,28.997131495692727
2023-08-26,History,30.12,28.9972088055096
2023-08-27,History,30.16,28.997286115326474
2023-08-28,History,30.13,28.997363425143355
2023-08-29,History,30.09,28.99744073496023
2023-08-30,History,30.01,28.997518044777102
2023-08-31,History,29.97,28.997595354593983
2023-09-01,History,29.94,28.997672664410857
2023-09-02,History,29.89,28.99774997422773
2023-09-03,History,29.83,28.99782728404461
2023-09-04,History,29.73,28.997904593861485
2023-09-05,History,29.82,28.997981903678358
2023-09-06,History,29.84,28.99805921349524
2023-09-07,History,29.77,28.998136523312112
2023-09-08,History,29.71,28.998213833128993
2023-09-09,History,29.73,28.998291142945867
2023-09-10,History,29.74,28.99836845276274
2023-09-11,History,29.8,28.99844576257962
2023-09-12,History,29.75,28.998523072396495
2023-09-13,History,29.67,28.998600382213368
2023-09-14,History,29.64,28.99867769203025
2023-09-15,History,29.59,28.998755001847123
2023-09-16,History,29.49,28.998832311663996
2023-09-17,History,29.45,28.998909621480877
2023-09-18,History,29.5,28.99898693129775
2023-09-19,History,29.39,28.999064241114624
2023-09-20,History,29.44,28.999141550931505
2023-09-21,History,29.4,28.99921886074838
2023-09-22,History,29.46,28.999296170565252
2023-09-23,History,29.41,28.999373480382133
2023-09-24,History,29.36,28.999450790199006
2023-09-25,History,29.29,28.999528100015887
2023-09-26,History,29.3,28.99960540983276
2023-09-27,History,29.17,28.999682719649634
2023-09-28,History,29.23,28.999760029466515
2023-09-29,History,29.19,28.99983733928339
2023-09-30,History,29.24,28.999914649100262
2023-10-01,History,29.36,28.999991958917143
2023-10-02,History,29.27,29.000069268734016
2023-10-03,History,29.2,29.00014657855089
2023-10-04,History,29.25,29.00022388836777
2023-10-05,History,29.14,29.000301198184644
2023-10-06,History,29.04,29.000378508001518
2023-10-07,History,29.04,29.0004558178184
2023-10-08,History,28.85,29.000533127635272
2023-10-09,History,28.89,29.000610437452153
2023-10-10,History,28.93,29.000687747269026
2023-10-11,History,28.85,29.0007650570859
2023-10-12,History,28.83,29.00084236690278
2023-10-13,History,28.91,29.000919676719654
2023-10-14,History,28.85,29.000996986536528
2023-10-15,History,28.88,29.00107429635341
2023-10-16,History,28.9,29.001151606170282
2023-10-17,History,28.88,29.001228915987156
2023-10-18,History,28.89,29.001306225804036
2023-10-19,History,28.81,29.00138353562091
2023-10-20,History,28.65,29.001460845437784
2023-10-21,History,28.6,29.001538155254664
2023-10-22,History,28.57,29.001615465071538
2023-10-23,History,28.45,29.00169277488841
2023-10-24,History,28.38,29.001770084705292
2023-10-25,History,28.34,29.001847394522166
2023-10-26,History,28.37,29.001924704339046
2023-10-27,History,28.43,29.00200201415592
2023-10-28,History,28.45,29.002079323972794
2023-10-29,History,28.46,29.002156633789674
2023-10-30,History,28.49,29.002233943606548
2023-10-31,History,28.49,29.00231125342342
2023-11-01,History,28.48,29.002388563240302
2023-11-02,History,28.41,29.002465873057176
2023-11-03,History,28.38,29.00254318287405
2023-11-04,History,28.37,29.00262049269093
2023-11-05,History,28.24,29.002697802507804
2023-11-06,History,28.25,29.002775112324677
2023-11-07,History,28.29,29.002852422141558
2023-11-08,History,28.39,29.00292973195843
2023-11-09,History,28.38,29.003007041775305
2023-11-10,History,28.34,29.003084351592186
2023-11-11,History,28.36,29.00316166140906
2023-11-12,History,28.34,29.00323897122594
2023-11-13,History,28.28,29.003316281042814
2023-11-14,History,28.19,29.003393590859687
2023-11-15,History,28.12,29.003470900676568
2023-11-16,History,28.16,29.00354821049344
2023-11-17,History,28.28,29.003625520310315
2023-11-18,History,28.24,29.003702830127196
2023-11-19,History,28.36,29.00378013994407
2023-11-20,History,28.36,29.003857449760943
2023-11-21,History,28.34,29.003934759577824
2023-11-22,History,28.21,29.004012069394697
2023-11-23,History,28.24,29.00408937921157
2023-11-24,History,28.17,29.00416668902845
2023-11-25,History,28.13,29.004243998845325
2023-11-26,History,28.01,29.0043213086622
2023-11-27,History,27.96,29.00439861847908
2023-11-28,History,28.0,29.004475928295953
2023-11-29,History,28.04,29.004553238112834
2023-11-30,History,27.99,29.004630547929708
2023-12-01,History,27.85,29.00470785774658
2023-12-02,History,27.74,29.004785167563462
2023-12-03,History,27.77,29.004862477380335
2023-12-04,History,27.78,29.00493978719721
2023-12-05,History,27.75,29.00501709701409
2023-12-06,History,27.69,29.005094406830963
2023-12-07,History,27.7,29.005171716647837
2023-12-08,History,27.81,29.005249026464718
2023-12-09,History,27.85,29.00532633628159
2023-12-10,History,27.81,29.005403646098465
2023-12-11,History,27.78,29.005480955915345
2023-12-12,History,27.7,29.00555826573222
2023-12-13,History,27.69,29.005635575549093
2023-12-14,History,27.67,29.005712885365973
2023-12-15,History,27.51,29.005790195182847
2023-12-16,History,27.43,29.005867504999728
2023-12-17,History,27.39,29.0059448148166
2023-12-18,History,27.34,29.006022124633475
2023-12-19,History,27.41,29.006099434450356
2023-12-20,History,27.45,29.00617674426723
2023-12-21,History,27.44,29.006254054084103
2023-12-22,History,27.58,29.006331363900983
2023-12-23,History,27.7,29.006408673717857
2023-12-24,History,27.75,29.00648598353473
2023-12-25,History,27.76,29.00656329335161
2023-12-26,History,27.71,29.006640603168485
2023-12-27,History,27.67,29.00671791298536
2023-12-28,History,27.56,29.00679522280224
2023-12-29,History,27.58,29.006872532619113
2023-12-30,History,27.55,29.006949842435986
2023-12-31,History,27.52,29.007027152252867
2024-01-01,History,27.53,29.00710446206974
2024-01-02,History,27.56,29.00718177188662
2024-01-03,History,27.53,29.007259081703495
2024-01-04,History,27.69,29.00733639152037
2024-01-05,History,27.62,29.00741370133725
2024-01-06,History,27.58,29.007491011154123
2024-01-07,History,27.57,29.007568320970996
2024-01-08,History,27.58,29.007645630787877
2024-01-09,History,27.54,29.00772294060475
2024-01-10,History,27.63,29.007800250421624
2024-01-11,History,27.57,29.007877560238505
2024-01-12,History,27.55,29.00795487005538
2024-01-13,History,27.6,29.008032179872252
2024-01-14,History,27.67,29.008109489689133
2024-01-15,History,27.69,29.008186799506007
2024-01-16,History,27.78,29.008264109322887
2024-01-17,History,27.73,29.00834141913976
2024-01-18,History,27.63,29.008418728956634
2024-01-19,History,27.67,29.008496038773515
2024-01-20,History,27.66,29.00857334859039
2024-01-21,History,27.57,29.008650658407262
2024-01-22,History,27.61,29.008727968224143
2024-01-23,History,27.49,29.008805278041017
2024-01-24,History,27.47,29.00888258785789
2024-01-25,History,27.52,29.00895989767477
2024-01-26,History,27.48,29.009037207491644
2024-01-27,History,27.41,29.009114517308518
2024-01-28,History,27.45,29.0091918271254
2024-01-29,History,27.38,29.009269136942272
2024-01-30,History,27.43,29.009346446759146
2024-01-31,History,27.5,29.009423756576027
2024-02-01,History,27.55,29.0095010663929
2024-02-02,History,27.55,29.00957837620978
2024-02-03,History,27.61,29.009655686026655
2024-02-04,History,27.64,29.009732995843528
2024-02-05,History,27.62,29.00981030566041
2024-02-06,History,27.6,29.009887615477282
2024-02-07,History,27.6,29.009964925294156
2024-02-08,History,27.63,29.010042235111037
2024-02-09,History,27.65,29.01011954492791
2024-02-10,History,27.57,29.010196854744784
2024-02-11,History,27.5,29.010274164561665
2024-02-12,History,27.62,29.01035147437854
2024-02-13,History,27.65,29.010428784195412
2024-02-14,History,27.7,29.010506094012293
2024-02-15,History,27.66,29.010583403829166
2024-02-16,History,27.73,29.01066071364604
2024-02-17,History,27.81,29.01073802346292
2024-02-18,History,27.89,29.010815333279794
2024-02-19,History,27.8,29.010892643096675
2024-02-20,History,27.81,29.01096995291355
2024-02-21,History,27.8,29.011047262730422
2024-02-22,History,27.88,29.011124572547303
2024-02-23,History,27.88,29.011201882364176
2024-02-24,History,27.86,29.01127919218105
2024-02-25,History,27.82,29.01135650199793
2024-02-26,History,27.86,29.011433811814804
2024-02-27,History,27.95,29.011511121631678
2024-02-28,History,27.96,29.01158843144856
2024-02-29,History,27.95,29.011665741265432
2024-03-01,History,27.98,29.011743051082306
2024-03-02,History,28.04,29.011820360899186
2024-03-03,History,28.13,29.01189767071606
2024-03-04,History,28.16,29.011974980532933
2024-03-05,History,28.15,29.012052290349814
2024-03-06,History,28.15,29.012129600166688
2024-03-07,History,28.16,29.01220690998357
2024-03-08,History,28.19,29.012284219800442
2024-03-09,History,28.27,29.012361529617316
2024-03-10,History,28.28,29.012438839434196
2024-03-11,History,28.28,29.01251614925107
2024-03-12,History,28.37,29.012593459067944
2024-03-13,History,28.38,29.012670768884824
2024-03-14,History,28.39,29.012748078701698
2024-03-15,History,28.27,29.01282538851857
2024-03-16,History,28.26,29.012902698335452
2024-03-17,History,28.38,29.012980008152326
2024-03-18,History,28.39,29.0130573179692
2024-03-19,History,28.35,29.01313462778608
2024-03-20,History,28.39,29.013211937602954
2024-03-21,History,28.45,29.013289247419827
2024-03-22,History,28.64,29.013366557236708
2024-03-23,History,28.63,29.01344386705358
2024-03-24,History,28.57,29.013521176870462
2024-03-25,History,28.61,29.013598486687336
2024-03-26,History,28.61,29.01367579650421
2024-03-27,History,28.63,29.01375310632109
2024-03-28,History,28.65,29.013830416137964
2024-03-29,History,28.63,29.013907725954837
2024-03-30,History,28.7,29.013985035771718
2024-03-31,History,28.75,29.01406234558859
2024-04-01,History,28.87,29.014139655405465
2024-04-02,History,28.86,29.014216965222346
2024-04-03,History,28.88,29.01429427503922
2024-04-04,History,28.92,29.014371584856093
2024-04-05,History,28.92,29.014448894672974
2024-04-06,History,28.89,29.014526204489847
2024-04-07,History,28.89,29.014603514306728
2024-04-08,History,28.83,29.0146808241236
2024-04-09,History,28.87,29.014758133940475
2024-04-10,History,28.94,29.014835443757356
2024-04-11,History,28.99,29.01491275357423
2024-04-12,History,29.02,29.014990063391103
2024-04-13,History,29.06,29.015067373207984
2024-04-14,History,29.1,29.015144683024857
2024-04-15,History,29.14,29.01522199284173
2024-04-16,History,29.25,29.01529930265861
2024-04-17,History,29.23,29.015376612475485
2024-04-18,History,29.19,29.01545392229236
2024-04-19,History,29.2,29.01553123210924
2024-04-20,History,29.31,29.015608541926113
2024-04-21,History,29.31,29.015685851742987
2024-04-22,History,29.33,29.015763161559867
2024-04-23,History,29.29,29.01584047137674
2024-04-24,History,29.43,29.01591778119362
2024-04-25,History,29.57,29.015995091010495
2024-04-26,History,29.65,29.01607240082737
2024-04-27,History,29.65,29.01614971064425
2024-04-28,History,29.67,29.016227020461123
2024-04-29,History,29.73,29.016304330277997
2024-04-30,History,29.68,29.016381640094878
2024-05-01,History,29.59,29.01645894991175
2024-05-02,History,29.56,29.016536259728625
2024-05-03,History,29.58,29.016613569545505
2024-05-04,History,29.61,29.01669087936238
2024-05-05,History,29.66,29.016768189179253
2024-05-06,History,29.68,29.016845498996133
2024-05-07,History,29.78,29.016922808813007
2024-05-08,History,29.85,29.01700011862988
2024-05-09,History,29.84,29.01707742844676
2024-05-10,History,29.87,29.017154738263635
2024-05-11,History,29.93,29.017232048080515
2024-05-12,History,30.01,29.01730935789739
2024-05-13,History,29.98,29.017386667714263
2024-05-14,History,30.02,29.017463977531143
2024-05-15,History,29.98,29.017541287348017
2024-05-16,History,30.02,29.01761859716489
2024-05-17,History,30.06,29.01769590698177
2024-05-18,History,30.02,29.017773216798645
2024-05-19,History,29.94,29.01785052661552
2024-05-20,History,30.0,29.0179278364324
2024-05-21,History,29.98,29.018005146249273
2024-05-22,History,30.04,29.018082456066146
2024-05-23,History,29.97,29.018159765883027
2024-05-24,History,29.84,29.0182370756999
2024-05-25,History,29.93,29.018314385516774
2024-05-26,History,29.98,29.018391695333655
2024-05-27,History,29.95,29.01846900515053
2024-05-28,History,30.06,29.01854631496741
2024-05-29,History,30.11,29.018623624784283
2024-05-30,History,30.19,29.018700934601156
2024-05-31,History,30.34,29.018778244418037
2024-06-01,History,30.26,29.01885555423491
2024-06-02,History,30.34,29.018932864051784
2024-06-03,History,30.31,29.019010173868665
2024-06-04,History,30.24,29.01908748368554
2024-06-05,History,30.25,29.019164793502412
2024-06-06,History,30.23,29.019242103319293
2024-06-07,History,30.21,29.019319413136166
2024-06-08,History,30.25,29.01939672295304
2024-06-09,History,30.24,29.01947403276992
2024-06-10,History,30.34,29.019551342586794
2024-06-11,History,30.43,29.019628652403668
2024-06-12,History,30.35,29.01970596222055
2024-06-13,History,30.44,29.019783272037422
2024-06-14,History,30.51,29.019860581854303
2024-06-15,History,30.55,29.019937891671177
2024-06-16,History,30.47,29.02001520148805
2024-06-17,History,30.38,29.02009251130493
2024-06-18,History,30.36,29.020169821121804
2024-06-19,History,30.4,29.020247130938678
2024-06-20,History,30.38,29.02032444075556
2024-06-21,History,30.36,29.020401750572432
2024-06-22,History,30.34,29.020479060389306
2024-06-23,History,30.44,29.020556370206187
2024-06-24,History,30.51,29.02063368002306
2024-06-25,History,30.53,29.020710989839934
2024-06-26,History,30.61,29.020788299656815
2024-06-27,History,30.61,29.020865609473688
2024-06-28,History,30.54,29.02094291929056
2024-06-29,History,30.46,29.021020229107442
2024-06-30,History,30.4,29.021097538924316
2024-07-01,History,30.33,29.021174848741197
2024-07-02,History,30.28,29.02125215855807
2024-07-03,History,30.22,29.021329468374944
2024-07-04,History,30.2,29.021406778191825
2024-07-05,History,30.25,29.021484088008698
2024-07-06,History,30.29,29.02156139782557
2024-07-07,History,30.38,29.021638707642452
2024-07-08,History,30.47,29.021716017459326
2024-07-09,History,30.58,29.0217933272762
2024-07-10,History,30.6,29.02187063709308
2024-07-11,History,30.68,29.021947946909954
2024-07-12,History,30.66,29.022025256726828
2024-07-13,History,30.66,29.02210256654371
2024-07-14,History,30.55,29.022179876360582
2024-07-15,History,30.5,29.022257186177463
2024-07-16,History,30.5,29.022334495994336
2024-07-17,History,30.49,29.02241180581121
2024-07-18,History,30.49,29.02248911562809
2024-07-19,History,30.49,29.022566425444964
2024-07-20,History,30.49,29.022643735261838
2024-07-21,History,30.57,29.02272104507872
2024-07-22,History,30.67,29.022798354895592
2024-07-23,History,30.56,29.022875664712465
2024-07-24,History,30.6,29.022952974529346
2024-07-25,History,30.51,29.02303028434622
2024-07-26,History,30.49,29.023107594163093
2024-07-27,History,30.52,29.023184903979974
2024-07-28,History,30.5,29.023262213796848
2024-07-29,History,30.4,29.02333952361372
2024-07-30,History,30.5,29.023416833430602
2024-07-31,History,30.58,29.023494143247476
2024-08-01,History,30.57,29.023571453064356
2024-08-02,History,30.6,29.02364876288123
2024-08-03,History,30.56,29.023726072698103
2024-08-04,History,30.48,29.023803382514984
2024-08-05,History,30.47,29.023880692331858
2024-08-06,History,30.37,29.02395800214873
2024-08-07,History,30.3,29.024035311965612
2024-08-08,History,30.26,29.024112621782486
2024-08-09,History,30.25,29.02418993159936
2024-08-10,History,30.24,29.02426724141624
2024-08-11,History,30.25,29.024344551233114
2024-08-12,History,30.29,29.024421861049987
2024-08-13,History,30.32,29.024499170866868
2024-08-14,History,30.28,29.02457648068374
2024-08-15,History,30.24,29.024653790500615
2024-08-16,History,30.24,29.024731100317496
2024-08-17,History,30.22,29.02480841013437
2024-08-18,History,30.21,29.02488571995125
2024-08-19,History,30.14,29.024963029768124
2024-08-20,History,30.13,29.025040339584997
2024-08-21,History,30.08,29.025117649401878
2024-08-22,History,30.17,29.02519495921875
2024-08-23,History,30.13,29.025272269035625
2024-08-24,History,30.07,29.025349578852506
2024-08-25,History,30.06,29.02542688866938
2024-08-26,History,30.04,29.025504198486253
2024-08-27,History,30.02,29.025581508303134
2024-08-28,History,29.98,29.025658818120007
2024-08-29,History,29.9,29.02573612793688
2024-08-30,History,29.81,29.02581343775376
2024-08-31,History,29.86,29.025890747570635
2024-09-01,History,29.78,29.02596805738751
2024-09-02,History,29.84,29.02604536720439
2024-09-03,History,29.88,29.026122677021263
2024-09-04,History,29.86,29.026199986838144
2024-09-05,History,29.88,29.026277296655017
2024-09-06,History,29.84,29.02635460647189
2024-09-07,History,29.81,29.02643191628877
2024-09-08,History,29.78,29.026509226105645
2024-09-09,History,29.72,29.02658653592252
2024-09-10,History,29.6,29.0266638457394
2024-09-11,History,29.56,29.026741155556273
2024-09-12,History,29.57,29.026818465373147
2024-09-13,History,29.66,29.026895775190027
2024-09-14,History,29.7,29.0269730850069
2024-09-15,History,29.71,29.027050394823775
2024-09-16,History,29.69,29.027127704640655
2024-09-17,History,29.65,29.02720501445753
2024-09-18,History,29.59,29.027282324274402
2024-09-19,History,29.44,29.027359634091283
2024-09-20,History,29.38,29.027436943908157
2024-09-21,History,29.29,29.027514253725037
2024-09-22,History,29.34,29.02759156354191
2024-09-23,History,29.27,29.027668873358785
2024-09-24,History,29.31,29.027746183175665
2024-09-25,History,29.36,29.02782349299254
2024-09-26,History,29.39,29.027900802809413
2024-09-27,History,29.38,29.027978112626293
2024-09-28,History,29.4,29.028055422443167
2024-09-29,History,29.32,29.02813273226004
2024-09-30,History,29.33,29.02821004207692
2024-10-01,History,29.33,29.028287351893795
2024-10-02,History,29.3,29.02836466171067
2024-10-03,History,29.21,29.02844197152755
2024-10-04,History,29.15,29.028519281344423
2024-10-05,History,29.03,29.028596591161296
2024-10-06,History,28.98,29.028673900978177
2024-10-07,History,29.0,29.02875121079505
2024-10-08,History,28.99,29.02882852061193
2024-10-09,History,28.93,29.028905830428805
2024-10-10,History,28.92,29.02898314024568
2024-10-11,History,28.87,29.02906045006256
2024-10-12,History,28.96,29.029137759879433
2024-10-13,History,28.93,29.029215069696306
2024-10-14,History,28.93,29.029292379513187
2024-10-15,History,28.86,29.02936968933006
2024-10-16,History,28.84,29.029446999146934
2024-10-17,History,28.95,29.029524308963815
2024-10-18,History,28.98,29.02960161878069
2024-10-19,History,28.89,29.029678928597562
2024-10-20,History,28.9,29.029756238414443
2024-10-21,History,28.77,29.029833548231316
2024-10-22,History,28.73,29.029910858048197
2024-10-23,History,28.74,29.02998816786507
2024-10-24,History,28.62,29.030065477681944
2024-10-25,History,28.5,29.030142787498825
2024-10-26,History,28.47,29.0302200973157
2024-10-27,History,28.4,29.030297407132572
2024-10-28,History,28.39,29.030374716949453
2024-10-29,History,28.34,29.030452026766326
2024-10-30,History,28.27,29.0305293365832
2024-10-31,History,28.27,29.03060664640008
2024-11-01,History,28.28,29.030683956216954
2024-11-02,History,28.2,29.030761266033828
2024-11-03,History,28.27,29.03083857585071
2024-11-04,History,28.18,29.030915885667582
2024-11-05,History,28.15,29.030993195484456
2024-11-06,History,28.17,29.031070505301336
2024-11-07,History,28.19,29.03114781511821
2024-11-08,History,28.16,29.03122512493509
2024-11-09,History,28.16,29.031302434751964
2024-11-10,History,27.99,29.031379744568838
2024-11-11,History,28.03,29.03145705438572
2024-11-12,History,27.94,29.031534364202592
2024-11-13,History,27.84,29.031611674019466
2024-11-14,History,27.77,29.031688983836347
2024-11-15,History,27.82,29.03176629365322
2024-11-16,History,27.74,29.031843603470094
2024-11-17,History,27.83,29.031920913286974
2024-11-18,History,27.83,29.031998223103848
2024-11-19,History,27.93,29.03207553292072
2024-11-20,History,28.01,29.032152842737602
2024-11-21,History,27.99,29.032230152554476
2024-11-22,History,27.92,29.03230746237135
2024-11-23,History,28.07,29.03238477218823
2024-11-24,History,28.08,29.032462082005104
2024-11-25,History,28.0,29.032539391821985
2024-11-26,History,27.92,29.032616701638858
2024-11-27,History,27.85,29.03269401145573
2024-11-28,History,27.89,29.032771321272612
2024-11-29,History,27.86,29.032848631089486
2024-11-30,History,27.78,29.03292594090636
2024-12-01,History,27.71,29.03300325072324
2024-12-02,History,27.73,29.033080560540114
2024-12-03,History,27.74,29.033157870356987
2024-12-04,History,27.72,29.033235180173868
2024-12-05,History,27.71,29.03331248999074
2024-12-06,History,27.76,29.033389799807615
2024-12-07,History,27.72,29.033467109624496
2024-12-08,History,27.75,29.03354441944137
2024-12-09,History,27.8,29.033621729258243
2024-12-10,History,27.79,29.033699039075124
2024-12-11,History,27.73,29.033776348891998
2024-12-12,History,27.69,29.03385365870888
2024-12-13,History,27.63,29.033930968525752
2024-12-14,History,27.64,29.034008278342625
2024-12-15,History,27.59,29.034085588159506
2024-12-16,History,27.53,29.03416289797638
2024-12-17,History,27.65,29.034240207793253
2024-12-18,History,27.6,29.034317517610134
2024-12-19,History,27.67,29.034394827427008
2024-12-20,History,27.65,29.03447213724388
2024-12-21,History,27.68,29.034549447060762
2024-12-22,History,27.62,29.034626756877636
2024-12-23,History,27.67,29.03470406669451
2024-12-24,History,27.52,29.03478137651139
2024-12-25,History,27.62,29.034858686328263
2024-12-26,History,27.56,29.034935996145137
2024-12-27,History,27.57,29.035013305962018
2024-12-28,History,27.46,29.03509061577889
2024-12-29,History,27.47,29.035167925595772
2024-12-30,History,27.42,29.035245235412646
2024-12-31,History,27.41,29.03532254522952
2025-01-01,History,27.34,29.0353998550464
2025-01-02,History,27.36,29.035477164863273
2025-01-03,History,27.36,29.035554474680147
2025-01-04,History,27.45,29.035631784497028
2025-01-05,History,27.5,29.0357090943139
2025-01-06,History,27.52,29.035786404130775
2025-01-07,History,27.58,29.035863713947656
2025-01-08,History,27.6,29.03594102376453
2025-01-09,History,27.64,29.036018333581403
2025-01-10,History,27.68,29.036095643398284
2025-01-11,History,27.61,29.036172953215157
2025-01-12,History,27.6,29.036250263032038
2025-01-13,History,27.56,29.03632757284891
2025-01-14,History,27.55,29.036404882665785
2025-01-15,History,27.57,29.036482192482666
2025-01-16,History,27.55,29.03655950229954
2025-01-17,History,27.51,29.036636812116413
2025-01-18,History,27.58,29.036714121933294
2025-01-19,History,27.61,29.036791431750167
2025-01-20,History,27.63,29.03686874156704
2025-01-21,History,27.55,29.03694605138392
2025-01-22,History,27.59,29.037023361200795
2025-01-23,History,27.61,29.03710067101767
2025-01-24,History,27.61,29.03717798083455
2025-01-25,History,27.64,29.037255290651423
2025-01-26,History,27.56,29.037332600468297
2025-01-27,History,27.58,29.037409910285177
2025-01-28,History,27.69,29.03748722010205
2025-01-29,History,27.64,29.03756452991893
2025-01-30,History,27.61,29.037641839735805
2025-01-31,History,27.67,29.03771914955268
2025-02-01,History,27.66,29.03779645936956
2025-02-02,History,27.74,29.037873769186433
2025-02-03,History,27.66,29.037951079003307
2025-02-04,History,27.6,29.038028388820187
2025-02-05,History,27.61,29.03810569863706
2025-02-06,History,27.63,29.038183008453935
2025-02-07,History,27.59,29.038260318270815
2025-02-08,History,27.54,29.03833762808769
2025-02-09,History,27.56,29.038414937904562
2025-02-10,History,27.64,29.038492247721443
2025-02-11,History,27.71,29.038569557538317
2025-02-12,History,27.71,29.03864686735519
2025-02-13,History,27.62,29.03872417717207
2025-02-14,History,27.7,29.038801486988945
2025-02-15,History,27.75,29.038878796805825
2025-02-16,History,27.78,29.0389561066227
2025-02-17,History,27.76,29.039033416439572
2025-02-18,History,27.74,29.039110726256453
2025-02-19,History,27.89,29.039188036073327
2025-02-20,History,27.93,29.0392653458902
2025-02-21,History,27.96,29.03934265570708
2025-02-22,History,27.93,29.039419965523955
2025-02-23,History,27.83,29.03949727534083
2025-02-24,History,27.88,29.03957458515771
2025-02-25,History,27.83,29.039651894974583
2025-02-26,History,27.82,29.039729204791456
2025-02-27,History,27.91,29.039806514608337
2025-02-28,History,27.9,29.03988382442521
2025-03-01,History,27.94,29.039961134242084
2025-03-02,History,28.02,29.040038444058965
2025-03-03,History,28.09,29.04011575387584
2025-03-04,History,28.14,29.04019306369272
2025-03-05,History,28.17,29.040270373509593
2025-03-06,History,28.19,29.040347683326466
2025-03-07,History,28.3,29.040424993143347
2025-03-08,History,28.37,29.04050230296022
2025-03-09,History,28.43,29.040579612777094
2025-03-10,History,28.48,29.040656922593975
2025-03-11,History,28.57,29.04073423241085
2025-03-12,History,28.56,29.040811542227722
2025-03-13,History,28.59,29.040888852044603
2025-03-14,History,28.44,29.040966161861476
2025-03-15,History,28.36,29.04104347167835
2025-03-16,History,28.42,29.04112078149523
2025-03-17,History,28.39,29.041198091312104
2025-03-18,History,28.37,29.041275401128978
2025-03-19,History,28.39,29.04135271094586
2025-03-20,History,28.37,29.041430020762732
2025-03-21,History,28.5,29.041507330579613
2025-03-22,History,28.64,29.041584640396486
2025-03-23,History,28.61,29.04166195021336
2025-03-24,History,28.68,29.04173926003024
2025-03-25,History,28.73,29.041816569847114
2025-03-26,History,28.66,29.041893879663988
2025-03-27,History,28.7,29.04197118948087
2025-03-28,History,28.69,29.042048499297742
2025-03-29,History,28.66,29.042125809114616
2025-03-30,History,28.72,29.042203118931496
2025-03-31,History,28.72,29.04228042874837
2025-04-01,History,28.82,29.042357738565244
2025-04-02,History,28.93,29.042435048382124
2025-04-03,History,28.94,29.042512358198998
2025-04-04,History,28.93,29.04258966801587
2025-04-05,History,28.96,29.042666977832752
2025-04-06,History,28.95,29.042744287649626
2025-04-07,History,28.85,29.042821597466506
2025-04-08,History,28.79,29.04289890728338
2025-04-09,History,28.84,29.042976217100254
2025-04-10,History,28.8,29.043053526917134
2025-04-11,History,28.94,29.043130836734008
2025-04-12,History,29.03,29.04320814655088
2025-04-13,History,29.12,29.043285456367762
2025-04-14,History,29.29,29.043362766184636
2025-04-15,History,29.35,29.04344007600151
2025-04-16,History,29.27,29.04351738581839
2025-04-17,History,29.36,29.043594695635264
2025-04-18,History,29.32,29.043672005452137
2025-04-19,History,29.32,29.043749315269018
2025-04-20,History,29.35,29.04382662508589
2025-04-21,History,29.37,29.043903934902772
2025-04-22,History,29.38,29.043981244719646
2025-04-23,History,29.47,29.04405855453652
2025-04-24,History,29.5,29.0441358643534
2025-04-25,History,29.48,29.044213174170274
2025-04-26,History,29.52,29.044290483987147
2025-04-27,History,29.5,29.044367793804028
2025-04-28,History,29.44,29.0444451036209
2025-04-29,History,29.41,29.044522413437775
2025-04-30,History,29.42,29.044599723254656
2025-05-01,History,29.45,29.04467703307153
2025-05-02,History,29.56,29.044754342888403
2025-05-03,History,29.53,29.044831652705284
2025-05-04,History,29.48,29.044908962522157
2025-05-05,History,29.58,29.04498627233903
2025-05-06,History,29.73,29.04506358215591
2025-05-07,History,29.8,29.045140891972785
2025-05-08,History,29.88,29.045218201789666
2025-05-09,History,29.78,29.04529551160654
2025-05-10,History,29.85,29.045372821423413
2025-05-11,History,29.95,29.045450131240294
2025-05-12,History,29.91,29.045527441057168
2025-05-13,History,29.8,29.04560475087404
2025-05-14,History,29.83,29.045682060690922
2025-05-15,History,29.8,29.045759370507795
2025-05-16,History,29.96,29.04583668032467
2025-05-17,History,29.97,29.04591399014155
2025-05-18,History,30.0,29.045991299958423
2025-05-19,History,30.04,29.046068609775297
2025-05-20,History,30.04,29.046145919592178
2025-05-21,History,30.0,29.04622322940905
2025-05-22,History,30.08,29.046300539225925
2025-05-23,History,30.09,29.046377849042806
2025-05-24,History,30.12,29.04645515885968
2025-05-25,History,30.2,29.04653246867656
2025-05-26,History,30.29,29.046609778493433
2025-05-27,History,30.38,29.046687088310307
2025-05-28,History,30.36,29.046764398127188
2025-05-29,History,30.31,29.04684170794406
2025-05-30,History,30.29,29.046919017760935
2025-05-31,History,30.32,29.046996327577816
2025-06-01,History,30.19,29.04707363739469
2025-06-02,History,30.09,29.047150947211563
2025-06-03,History,30.1,29.047228257028443
2025-06-04,History,30.08,29.047305566845317
2025-06-05,History,30.04,29.04738287666219
2025-06-06,History,30.05,29.04746018647907
2025-06-07,History,29.98,29.047537496295945
2025-06-08,History,30.06,29.04761480611282
2025-06-09,History,30.12,29.0476921159297
2025-06-10,History,30.1,29.047769425746573
2025-06-11,History,30.19,29.047846735563454
2025-06-12,History,30.27,29.047924045380327
2025-06-13,History,30.3,29.0480013551972
2025-06-14,History,30.37,29.04807866501408
2025-06-15,History,30.4,29.048155974830955
2025-06-16,History,30.48,29.04823328464783
2025-06-17,History,30.54,29.04831059446471
2025-06-18,History,30.52,29.048387904281583
2025-06-19,History,30.51,29.048465214098456
2025-06-20,History,30.5,29.048542523915337
2025-06-21,History,30.51,29.04861983373221
2025-06-22,History,30.47,29.048697143549084
2025-06-23,History,30.31,29.048774453365965
2025-06-24,History,30.37,29.04885176318284
2025-06-25,History,30.38,29.048929072999712
2025-06-26,History,30.41,29.049006382816593
2025-06-27,History,30.42,29.049083692633467
2025-06-28,History,30.4,29.049161002450347
2025-06-29,History,30.44,29.04923831226722
2025-06-30,History,30.54,29.049315622084094
2025-07-01,History,30.46,29.049392931900975
2025-07-02,History,30.55,29.04947024171785
2025-07-03,History,30.6,29.049547551534722
2025-07-04,History,30.59,29.049624861351603
2025-07-05,History,30.59,29.049702171168477
2025-07-06,History,30.6,29.04977948098535
2025-07-07,History,30.59,29.04985679080223
2025-07-08,History,30.62,29.049934100619105
2025-07-09,History,30.56,29.050011410435978
2025-07-10,History,30.61,29.05008872025286
2025-07-11,History,30.63,29.050166030069732
2025-07-12,History,30.63,29.050243339886606
2025-07-13,History,30.64,29.050320649703487
2025-07-14,History,30.63,29.05039795952036
2025-07-15,History,30.61,29.05047526933724
2025-07-16,History,30.62,29.050552579154115
2025-07-17,History,30.46,29.050629888970988
2025-07-18,History,30.32,29.05070719878787
2025-07-19,History,30.34,29.050784508604742
2025-07-20,History,30.32,29.050861818421616
2025-07-21,History,30.43,29.050939128238497
2025-07-22,History,30.45,29.05101643805537
2025-07-23,History,30.42,29.051093747872244
2025-07-24,History,30.53,29.051171057689125
2025-07-25,History,30.59,29.051248367506
2025-07-26,History,30.55,29.051325677322872
2025-07-27,History,30.47,29.051402987139753
2025-07-28,History,30.36,29.051480296956626
2025-07-29,History,30.34,29.051557606773507
2025-07-30,History,30.38,29.05163491659038
2025-07-31,History,30.29,29.051712226407254
2025-08-01,History,30.38,29.051789536224135
2025-08-02,History,30.36,29.05186684604101
2025-08-03,History,30.4,29.051944155857882
2025-08-04,History,30.45,29.052021465674763
2025-08-05,History,30.4,29.052098775491636
2025-08-06,History,30.37,29.05217608530851
2025-08-07,History,30.34,29.05225339512539
2025-08-08,History,30.29,29.052330704942264
2025-08-09,History,30.32,29.052408014759138
2025-08-10,History,30.3,29.05248532457602
2025-08-11,History,30.26,29.052562634392892
2025-08-12,History,30.3,29.052639944209766
2025-08-13,History,30.25,29.052717254026646
2025-08-14,History,30.31,29.05279456384352
2025-08-15,History,30.25,29.0528718736604
2025-08-16,History,30.26,29.052949183477274
2025-08-17,History,30.31,29.053026493294148
2025-08-18,History,30.32,29.05310380311103
2025-08-19,History,30.24,29.053181112927902
2025-08-20,History,30.24,29.053258422744776
2025-08-21,History,30.22,29.053335732561656
2025-08-22,History,30.3,29.05341304237853
2025-08-23,History,30.22,29.053490352195404
2025-08-24,History,30.24,29.053567662012284
2025-08-25,History,30.13,29.053644971829158
2025-08-26,History,30.18,29.05372228164603
2025-08-27,History,30.07,29.053799591462912
2025-08-28,History,30.03,29.053876901279786
2025-08-29,History,29.98,29.05395421109666
2025-08-30,History,29.99,29.05403152091354
2025-08-31,History,29.84,29.054108830730414
2025-09-01,History,29.88,29.054186140547294
2025-09-02,History,29.82,29.054263450364168
2025-09-03,History,29.9,29.05434076018104
2025-09-04,History,29.94,29.054418069997922
2025-09-05,History,29.91,29.054495379814796
2025-09-06,History,29.86,29.05457268963167
2025-09-07,History,29.86,29.05464999944855
2025-09-08,History,29.8,29.054727309265424
2025-09-09,History,29.73,29.054804619082297
2025-09-10,History,29.65,29.054881928899178
2025-09-11,History,29.61,29.05495923871605
2025-09-12,History,29.58,29.055036548532925
2025-09-13,History,29.61,29.055113858349806
2025-09-14,History,29.66,29.05519116816668
2025-09-15,History,29.7,29.055268477983553
2025-09-16,History,29.75,29.055345787800434
2025-09-17,History,29.8,29.055423097617307
2025-09-18,History,29.73,29.055500407434188
2025-09-19,History,29.71,29.05557771725106
2025-09-20,History,29.64,29.055655027067935
2025-09-21,History,29.58,29.055732336884816
2025-09-22,History,29.58,29.05580964670169
2025-09-23,History,29.52,29.055886956518563
2025-09-24,History,29.41,29.055964266335444
2025-09-25,History,29.49,29.056041576152317
2025-09-26,History,29.36,29.05611888596919
2025-09-27,History,29.35,29.05619619578607
2025-09-28,History,29.33,29.056273505602945
2025-09-29,History,29.33,29.05635081541982
2025-09-30,History,29.36,29.0564281252367
2025-10-01,History,29.39,29.056505435053573
2025-10-02,History,29.34,29.056582744870447
2025-10-03,History,29.35,29.056660054687327
2025-10-04,History,29.32,29.0567373645042
2025-10-05,History,29.28,29.056814674321082
2025-10-06,History,29.2,29.056891984137955
2025-10-07,History,29.17,29.05696929395483
2025-10-08,History,29.07,29.05704660377171
2025-10-09,History,29.01,29.057123913588583
2025-10-10,History,29.1,29.057201223405457
2025-10-11,History,29.07,29.057278533222338
2025-10-12,History,29.01,29.05735584303921
2025-10-13,History,28.95,29.057433152856085
2025-10-14,History,28.94,29.057510462672965
2025-10-15,History,28.95,29.05758777248984
2025-10-16,History,28.98,29.057665082306713
2025-10-17,History,28.92,29.057742392123593
2025-10-18,History,28.86,29.057819701940467
2025-10-19,History,28.86,29.057897011757348
2025-10-20,History,28.87,29.05797432157422
2025-10-21,History,28.79,29.058051631391095
2025-10-22,History,28.71,29.058128941207976
2025-10-23,History,28.6,29.05820625102485
2025-10-24,History,28.58,29.058283560841723
2025-10-25,History,28.6,29.058360870658603
2025-10-26,History,28.54,29.058438180475477
2025-10-27,History,28.46,29.05851549029235
2025-10-28,History,28.5,29.05859280010923
2025-10-29,History,28.46,29.058670109926105
2025-10-30,History,28.44,29.05874741974298
2025-10-31,History,28.41,29.05882472955986
2025-11-01,History,28.42,29.058902039376733
2025-11-02,History,28.4,29.058979349193606
2025-11-03,History,28.44,29.059056659010487
2025-11-04,History,28.4,29.05913396882736
2025-11-05,History,28.45,29.05921127864424
2025-11-06,History,28.41,29.059288588461115
2025-11-07,History,28.34,29.05936589827799
2025-11-08,History,28.22,29.05944320809487
2025-11-09,History,28.13,29.059520517911743
2025-11-10,History,28.06,29.059597827728616
2025-11-11,History,27.95,29.059675137545497
2025-11-12,History,27.86,29.05975244736237
2025-11-13,History,27.91,29.059829757179244
2025-11-14,History,27.92,29.059907066996125
2025-11-15,History,28.01,29.059984376813
2025-11-16,History,28.03,29.060061686629872
2025-11-17,History,28.12,29.060138996446753
2025-11-18,History,28.12,29.060216306263627
2025-11-19,History,28.18,29.0602936160805
2025-11-20,History,28.07,29.06037092589738
2025-11-21,History,28.06,29.060448235714254
2025-11-22,History,28.0,29.060525545531135
2025-11-23,History,28.02,29.06060285534801
2025-11-24,History,27.87,29.060680165164882
2025-11-25,History,27.86,29.060757474981763
2025-11-26,History,27.81,29.060834784798637
2025-11-27,History,27.85,29.06091209461551
2025-11-28,History,27.86,29.06098940443239
2025-11-29,History,27.83,29.061066714249264
2025-11-30,History,27.79,29.061144024066138
2025-12-01,History,27.82,29.06122133388302
2025-12-02,History,27.78,29.061298643699892
2025-12-03,History,27.82,29.061375953516766
2025-12-04,History,27.8,29.061453263333647
2025-12-05,History,27.73,29.06153057315052
2025-12-06,History,27.72,29.061607882967394
2025-12-07,History,27.67,29.061685192784275
2025-12-08,History,27.65,29.061762502601148
2025-12-09,History,27.65,29.06183981241803
2025-12-10,History,27.56,29.061917122234902
2025-12-11,History,27.55,29.061994432051776
2025-12-12,History,27.6,29.062071741868657
2025-12-13,History,27.61,29.06214905168553
2025-12-14,History,27.66,29.062226361502404
2025-12-15,History,27.69,29.062303671319285
2025-12-16,History,27.6,29.062380981136158
2025-12-17,History,27.66,29.062458290953032
2025-12-18,History,27.66,29.062535600769912
2025-12-19,History,27.6,29.062612910586786
2025-12-20,History,27.55,29.06269022040366
2025-12-21,History,27.55,29.06276753022054
2025-12-22,History,27.61,29.062844840037414
2025-12-23,History,27.65,29.062922149854288
2025-12-24,History,27.56,29.06299945967117
2025-12-25,History,27.5,29.063076769488042
2025-12-26,History,27.47,29.063154079304923
2025-12-27,History,27.47,29.063231389121796
2025-12-28,History,27.4,29.06330869893867
2025-12-29,History,27.3,29.06338600875555
2025-12-30,History,27.31,29.063463318572424
2025-12-31,History,27.35,29.063540628389298
2026-01-01,Forecast,,29.06361793820618
2026-01-02,Forecast,,29.063695248023052
2026-01-03,Forecast,,29.063772557839926
2026-01-04,Forecast,,29.063849867656806
2026-01-05,Forecast,,29.06392717747368
2026-01-06,Forecast,,29.064004487290553
2026-01-07,Forecast,,29.064081797107434
2026-01-08,Forecast,,29.064159106924308
2026-01-09,Forecast,,29.06423641674118
2026-01-10,Forecast,,29.064313726558062
2026-01-11,Forecast,,29.064391036374936
2026-01-12,Forecast,,29.064468346191816
2026-01-13,Forecast,,29.06454565600869
2026-01-14,Forecast,,29.064622965825563
2026-01-15,Forecast,,29.064700275642444
2026-01-16,Forecast,,29.064777585459318
2026-01-17,Forecast,,29.06485489527619
2026-01-18,Forecast,,29.064932205093072
2026-01-19,Forecast,,29.065009514909946
2026-01-20,Forecast,,29.06508682472682
2026-01-21,Forecast,,29.0651641345437
2026-01-22,Forecast,,29.065241444360574
2026-01-23,Forecast,,29.065318754177447
2026-01-24,Forecast,,29.065396063994328
2026-01-25,Forecast,,29.0654733738112
2026-01-26,Forecast,,29.065550683628082
2026-01-27,Forecast,,29.065627993444956
2026-01-28,Forecast,,29.06570530326183
2026-01-29,Forecast,,29.06578261307871
2026-01-30,Forecast,,29.065859922895584
2026-01-31,Forecast,,29.065937232712457
2026-02-01,Forecast,,29.066014542529338
2026-02-02,Forecast,,29.06609185234621
2026-02-03,Forecast,,29.066169162163085
2026-02-04,Forecast,,29.066246471979966
2026-02-05,Forecast,,29.06632378179684
2026-02-06,Forecast,,29.066401091613713
2026-02-07,Forecast,,29.066478401430594
2026-02-08,Forecast,,29.066555711247467
2026-02-09,Forecast,,29.06663302106434
2026-02-10,Forecast,,29.06671033088122
2026-02-11,Forecast,,29.066787640698095
2026-02-12,Forecast,,29.066864950514976
2026-02-13,Forecast,,29.06694226033185
2026-02-14,Forecast,,29.067019570148723
2026-02-15,Forecast,,29.067096879965604
2026-02-16,Forecast,,29.067174189782477
2026-02-17,Forecast,,29.06725149959935
2026-02-18,Forecast,,29.06732880941623
2026-02-19,Forecast,,29.067406119233105
2026-02-20,Forecast,,29.06748342904998
2026-02-21,Forecast,,29.06756073886686
2026-02-22,Forecast,,29.067638048683733
2026-02-23,Forecast,,29.067715358500607
2026-02-24,Forecast,,29.067792668317487
2026-02-25,Forecast,,29.06786997813436
2026-02-26,Forecast,,29.067947287951235
2026-02-27,Forecast,,29.068024597768115
2026-02-28,Forecast,,29.06810190758499
2026-03-01,Forecast,,29.06817921740187
2026-03-02,Forecast,,29.068256527218743
2026-03-03,Forecast,,29.068333837035617
2026-03-04,Forecast,,29.068411146852497
2026-03-05,Forecast,,29.06848845666937
2026-03-06,Forecast,,29.068565766486245
2026-03-07,Forecast,,29.068643076303125
2026-03-08,Forecast,,29.06872038612
2026-03-09,Forecast,,29.068797695936873
2026-03-10,Forecast,,29.068875005753753
2026-03-11,Forecast,,29.068952315570627
2026-03-12,Forecast,,29.0690296253875
2026-03-13,Forecast,,29.06910693520438
2026-03-14,Forecast,,29.069184245021255
2026-03-15,Forecast,,29.06926155483813
2026-03-16,Forecast,,29.06933886465501
2026-03-17,Forecast,,29.069416174471883
2026-03-18,Forecast,,29.069493484288763
2026-03-19,Forecast,,29.069570794105637
2026-03-20,Forecast,,29.06964810392251
2026-03-21,Forecast,,29.06972541373939
2026-03-22,Forecast,,29.069802723556265
2026-03-23,Forecast,,29.06988003337314
2026-03-24,Forecast,,29.06995734319002
2026-03-25,Forecast,,29.070034653006893
2026-03-26,Forecast,,29.070111962823766
2026-03-27,Forecast,,29.070189272640647
2026-03-28,Forecast,,29.07026658245752
2026-03-29,Forecast,,29.070343892274394
2026-03-30,Forecast,,29.070421202091275
2026-03-31,Forecast,,29.07049851190815
